code,nom,description,version,organisme,statut,secteur
"IEC/ISO JTC 3","Technologies quantiques","IEC/ISO JTC 3 is being supported administratively by IEC. All information related to IEC/ISO JTC 3 is available on the IEC web site Standardization in the field of quantum technologies. The scope includes standardization in the field of quantum technologies, including quantuminformation technologies (quantum computing and quantum simulation), quantum metrology,quantum sources, quantum detectors, quantum communications, and fundamental quantumtechnologies. The JTC will coordinate the results o...",2024,ISO/IEC,actif,"Informatique & Technologies"
"IEC/ISO JTC 3/JSC 3A","Quantum computing","IEC/ISO JTC 3/JSC 3A is being supported administratively by IEC. All information related to IEC/ISO JTC 3/JSC 3A is available on the IEC web site Standardization in the field of quantum computing. This includes hardware and software aspects of universal quantum computing, restricted forms of quantum computing such as quantum simulators and quantum annealers, and hybrid forms of quantum computing. The scope excludes quantum metrology, quantum sources, quantum detectors, quantum communications,...",2026,ISO/IEC,actif,"Informatique & Technologies"
"ISO/IEC JTC 1","Technologies de l'information","Standardization in the field of information technology.",1987,ISO/IEC,actif,"Informatique & Technologies"
"ISO/IEC JTC 1/SC 6",Téléinformatique,"Since SC6 was established in 1964, SC6 has worked on standardization in the field of telecommunications dealing with the exchange of information between open systems, including system functions, procedures, parameters as well as the conditions for their use. This standardization encompasses protocols and services of lower layers including physical, data link, network, and transport as well as those of upper layers including but not limited to Directory and ASN.1: MFAN, NFC, PLC, Future Networ...",1988,ISO/IEC,actif,"Informatique & Technologies"
"ISO/IEC JTC 1/SC 7","Ingénierie du logiciel et des systèmes","Standardization of processes, supporting tools and supporting technologies for the engineering of software products and systems. Note: The processes, tools and technologies are within the scope of JTC1 terms of references and exclude specific tools and technologies that have been assigned by JTC1 to other of its SC's.",1987,ISO/IEC,actif,"Informatique & Technologies"
"ISO/IEC JTC 1/SC 22","Langages de programmation, leur environnement et interfaces des logiciels de systèmes","JTC1/SC 22 is the international standardization subcommittee for programming languages, their environments and system software interfaces. SC 22 is oftentimes called the 'portability subcommittee'.",1987,ISO/IEC,actif,"Informatique & Technologies"
"ISO/IEC JTC 1/SC 23","Supports enregistrés numériquement pour échange et stockage d'information","Standardization in the field of removable digital storage media utilizing optical, holographic and magnetic recording technologies, and flash memory technologies for digital information interchange, including; algorithms for the lossless compression of data volume and file structure methods for determining the life expectancy of digital storage media methods for error monitoring of digital storage media",1987,ISO/IEC,actif,"Informatique & Technologies"
"ISO/IEC JTC 1/SC 24","Infographie, traitement de l'image et représentation des données environnementales","Standardization relating to: computer graphics, image processing, virtual reality, augmented reality, and mixed reality, environmental data representation, visualization of, and interaction with, information Excluded: efficient coding of multimedia",1987,ISO/IEC,actif,"Informatique & Technologies"
"ISO/IEC JTC 1/SC 25","Interconnexion des appareils de traitement de l'information","ISO/IEC JTC 1/SC 25 is being supported administratively by IEC. All information related to ISO/IEC JTC 1/SC 25 is available on the IEC web site Standardization of microprocessor systems, interfaces, protocols, architectures and associated interconnecting media for information technology equipment and networks to support embedded and distributed computing environments, storage systems and other input/output components. Standards for home and building electronic systems in residential and comme...",1990,ISO/IEC,actif,"Informatique & Technologies"
"ISO/IEC JTC 1/SC 27","Sécurité de l’information, cybersécurité et protection de la vie privée","The development of standards for the protection of information and ICT. This includes generic methods, techniques and guidelines to address both security and privacy aspects, such as: Security requirements capture methodology; Management of information and ICT security; in particular information security management systems, security processes, and security controls and services; Cryptographic and other security mechanisms, including but not limited to mechanisms for protecting the accountabil...",1989,ISO/IEC,actif,"Informatique & Technologies"
"ISO/IEC JTC 1/SC 29","Codage du son, de l'image, de l'information multimédia et hypermédia","Standardization in the field of Efficient coding of digital representations of images, audio and moving pictures, including Conventional (natural, computer-generated and immersive) images, moving pictures and audio Invisible light and other sensory (such as medical and satellite) images Static and dynamic graphic objects Efficient coding of other digital information, including Multimedia, environment and user related metadata Sensor and actuator information related to audiovisual information ...",1991,ISO/IEC,actif,"Informatique & Technologies"
"ISO/IEC JTC 1/SC 31","Techniques automatiques d’identification et de saisie de données","Standardization of data formats, data syntax, data structures, data encoding, and technologies for the process of automatic identification and data capture and of associated devices utilized in inter-industry applications and international business interchanges and for mobile applications.",1996,ISO/IEC,actif,"Informatique & Technologies"
"ISO/IEC JTC 1/SC 32","Gestion et échange de données","Standards for data management within and among local and distributed information systems environments. SC 32 provides enabling technologies to promote harmonization of data management facilities across sector-specific areas. Specifically, SC 32 standards include: reference models and frameworks for the coordination of existing and emerging standards; definition of data domains, data types, and data structures, and their associated semantics; languages, services, and protocols for persistent s...",1997,ISO/IEC,actif,"Informatique & Technologies"
"ISO/IEC JTC 1/SC 34","Description des documents et langages de traitement","Standardization in the field of document structures, languages and related facilities for the description and processing of compound and hypermedia documents, including: languages for describing document logical structures and their support facilities languages for describing document-like objects in web environmentsfacilities document processing architecture and formatting for logical documentsfacilities languages for describing interactive documentsfacilities multilingual font information i...",1998,ISO/IEC,actif,"Informatique & Technologies"
"ISO/IEC JTC 1/SC 35","Interfaces utilisateur","Standardization in the field of user-system interfaces in information and communication technology (ICT) environments and support for these interfaces to serve all users, including people having accessibility or other specific needs, with a priority of meeting the JTC 1 requirements for cultural and linguistic adaptability. This includes: user interface accessibility (requirements, needs, methods, techniques and enablers); cultural and linguistic adaptability and accessibility (such as evalua...",1998,ISO/IEC,actif,"Informatique & Technologies"
"ISO/IEC JTC 1/SC 36","Technologies de l'information pour l'apprentissage, l'éducation et la formation","Standardization in the field of information technologies for learning, education, and training to support individuals, groups, or organizations, and to enable interoperability and reusability of resources and tool. Excluded from this scope are: standards or technical reports that define educational standards (competencies), cultural conventions, learning objectives, or specific learning content. work done by other ISO or IEC TCs, SCs, or WGs with respect to their component, specialty, or doma...",1999,ISO/IEC,actif,"Informatique & Technologies"
"ISO/IEC JTC 1/SC 37",Biométrie,"Standardization of generic biometric technologies pertaining to human beings to support interoperability and data interchange among applications and systems. Generic human biometric standards include: common file frameworks; biometric application programming interfaces; biometric data interchange formats; related biometric profiles; application of evaluation criteria to biometric technologies; methodologies for performance testing and reporting and cross jurisdictional and societal aspects. E...",2002,ISO/IEC,actif,"Informatique & Technologies"
"ISO/IEC JTC 1/SC 38","Plate-formes et services d'applications distribuées","Standardization in the areas of Cloud Computing and Distributed Platforms including: Foundational concepts and technologies, Operational issues, and Interactions among Cloud Computing systems and with other distributed systems SC 38 serves as the focus, proponent, and systems integration entity on Cloud Computing, Distributed Platforms, and the application of these technologies. SC 38 provides guidance to JTC 1, IEC, ISO and other entities developing standards in these areas.",2009,ISO/IEC,actif,"Informatique & Technologies"
"ISO/IEC JTC 1/SC 39","Impact environnemental des Technologies de l'information et des centres de données","Standardization of assessment methods, design practices, operation and management aspects to support resource efficiency, resilience and environmental sustainability for and by information technology, data centres and other facilities and infrastructure necessary for service provisioning. To avoid any duplication of work and to support innovation, SC 39 will engage in active liaison and collaboration with: other JTC1 entities; ISO TC 207, ISO TC 242, ISO TC 257; IEC TC 100, IEC TC 111, IEC PC...",2012,ISO/IEC,actif,"Informatique & Technologies"
"ISO/IEC JTC 1/SC 40","Gestion des services IT et gouvernance IT","Standardization in: Governance of IT Governance of data IT service management IT enabled services - business process outsourcing Serving as the focal point in these areas, SC 40 communicates, co-operates and collaborates with relevant committees (such as cybersecurity and privacy), external bodies and other stakeholders on topics of mutual interest.",2013,ISO/IEC,actif,"Services & Management"
"ISO/IEC JTC 1/SC 41","Internet des objets et jumeau numérique","ISO/IEC JTC 1/SC 41 is being supported administratively by IEC. All information related to ISO/IEC JTC 1/SC 41 is available on the IEC web site Standardization in the area of Internet of Things and related technologies. Serve as the focus and proponent for JTC 1's standardization programme on the Internet of Things and Digital Twin, including their related technologies. Provide guidance to JTC 1, IEC, ISO and other entities developing Internet of Things and Digital Twin related applications.",2017,ISO/IEC,actif,"Informatique & Technologies"
"ISO/IEC JTC 1/SC 42","Intelligence artificielle","Standardization in the area of Artificial Intelligence Serve as the focus and proponent for JTC 1's standardization program on Artificial Intelligence Provide guidance to JTC 1, IEC, and ISO committees developing Artificial Intelligenceapplications",2017,ISO/IEC,actif,"Informatique & Technologies"
"ISO/IEC JTC 1/SC 43","Interfaces cerveau-ordinateur","ISO/IEC JTC 1/SC 43 is being supported administratively by IEC. All information related to ISO/IEC JTC 1/SC 43 is available on the IEC web site Standardization in the area of Brain-computer Interfaces for information technology to enable communication and interaction between brain and computers that are applicable across application areas. Serve as the focus and proponent for JTC 1's standardization program on Brain-computer Interfaces, including the development of foundational standards; Pro...",2022,ISO/IEC,actif,"Informatique & Technologies"
"ISO/IEC JTC 1/SC 44","Protection des consommateurs dans le domaine de la protection de la vie privée dès la conception","Standardization of consumer protection in the field of privacy by design for products, goods and services, including their data lifecycles.",2025,ISO/IEC,actif,"Informatique & Technologies"
"ISO/IEC JTC 4","Villes et communautés intelligentes et durables","Standardization in the field of smart and sustainable cities and communities, including the development of requirements, frameworks, guidance and supporting techniques and tools related to the achievement of sustainable development.The scope includes resilience and disaster risk reduction, sustainability and sustainable mobility and transport, community infrastructure, climate change mitigation and adaptation, digitalization, and ICT and system aspects only as it pertains to and helps all cit...",2025,ISO/IEC,actif,"Environnement & Développement durable"
"ISO/IEC JTC 5","Passeport numérique des produits","Standardization in the field of Digital Product Passport.Development of deliverables for the deployment of Digital Product Passports (DPP) ensuring cross sectoral and cross system interoperability enabling the supply chain information flow. This includes the framework of the DPP System and the DPP Ecosystem as well as the basics for both.The new JTC does not develop sector specific standards and standards to be used for DPP-system or DPP-data which are already covered by the scope of other IS...",2026,ISO/IEC,actif,"Informatique & Technologies"
"ISO/PC 335","Lignes directrices destinées aux organismes pour accroître la compréhension par les clients des conditions générales en ligne","Specification of guidance to the providers of goods, services and digital content on the clear design and presentation of online terms and conditions to maximise consumer understanding and reduce detriment.",2021,ISO,actif,"Services & Management"
"ISO/PC 343","Système de gestion pour les objectifs en matière de développement durable des Nations Unies - Exigences pour tout organisme","Standardization to support the UN Sustainable Development Goals.",2023,ISO,actif,"Énergie & Ressources"
"ISO/TC 2/SC 7","Normes de référence","Standardization of reference standards which serve asgeneral basis for fastener standards, such as: terminology, vocabulary and symbols general dimensions and tolerances (clearance holes,widths across flats, underhead radii, lenghts, etc.) control, inspection, delivery, acceptance, qualityand quality management designation, standard templates.",1983,ISO,actif,"Industrie & Mécanique"
"ISO/TC 4/SC 13","Essais, mesurage et évaluation","Standardization of test, measurement and evaluation methods for dimensional, geometrical and functional characteristics of rolling bearings. Excluded:Field performance evaluation and validation of bearing performance e.g. load ratings,as it falls within the scope of ISO/TC 4/SC 8”",2024,ISO,actif,"Industrie & Mécanique"
"ISO/TC 6/SC 2","Méthodes d'essais et spécifications de qualité des papiers et cartons",,1984,ISO,actif,"Industrie & Mécanique"
"ISO/TC 6/SC 7","Sécurité des machines et des processus dans les industries des pâtes et des papiers",,2026,ISO,actif,"Industrie & Mécanique"
"ISO/TC 8","Navires et technologie maritime","Standardization of design, construction, training, structural elements, outfitting parts, equipment, methods and technology, and marine environmental matters, used in shipbuilding, comprising sea-going ships, vessels for inland navigation, offshore structures, ship-to-shore interface, the operation of ships, marine structures subject to IMO requirements, and the observation and exploration of the sea. Excluded: electrical and electronic equipment on board ships and marine structures (IEC / TC...",1947,ISO,actif,Maritime
"ISO/TC 8/SC 1","Sécurité maritime","Standardization of marine lifesaving and fire protection design, construction, equipment, materials, and technology used in shipbuilding and the operation of ships in support of requirements developed by the International Maritime Organization and the needs of the world maritime industry.",1995,ISO,actif,Maritime
"ISO/TC 8/SC 2","Protection de l'environnement marin","Standardization of marine pollution abatement materials, equipment and technologies and environmental matters to be used in shipbuilding and operation of ships, comprising sea-going ships, vessels for inland navigation, offshore structures, ship-to-shore interface and all other marine structures subject to International Maritime Organization (IMO) requirements.",1995,ISO,actif,"Environnement & Développement durable"
"ISO/TC 8/SC 3","Tuyauteries et machines","Standardization of design, construction, equipment and technology for piping and machinery used in shipbuilding and the operation of ships, comprising sea-going ships, fishing vessels and trawlers, vessels for inland navigation, offshore structures, ship-to-shore interfaces, and all other marine structures subject to IMO requirements",1995,ISO,actif,"Industrie & Mécanique"
"ISO/TC 8/SC 4","Équipement et auxiliaires de pont","Standardization of design, construction and operation of equipment and technology for ship outfitting and deck machinery, including ship-to-shore interface, cargo systems and lifting gear etc. used in shipbuilding and the operation of ships in support of the requirements developed by the International Maritime Organization (IMO) and the needs of the world maritime industry.",1995,ISO,actif,"Industrie & Mécanique"
"ISO/TC 8/SC 8","Conception maritime","Standardization of design and construction for ships and maritime installations for definition of interfaces and creation of interchangeability as well as for determination of safety requirements and ship performance.",1984,ISO,actif,Maritime
"ISO/TC 8/SC 11","Transport intermodal et transport maritime à courte distance","Standardization of general issues, principal requirements, design elements, construction and operation of ships technology for intermodal, including ship/port interface and other modes of transportation, and short sea shipping.",1983,ISO,actif,Maritime
"ISO/TC 8/SC 12","Navires et technologie maritime - Grands yachts","Standardization of design, construction, structural elements, outfitting parts, equipment, methods and technology, and marine environmental matters, used in large yacht building and in the operation of large yachts, comprising super-yachts, mega-yachts and large yachts used in commercial, charter and pleasure use.Focus should be on unique requirements for large yachts as defined and should not duplicate existing standards. Excluded: Small recreational craft less than 24 meters, which are with...",2006,ISO,actif,Maritime
"ISO/TC 8/SC 13","Technologie maritime","Standardisation of test methods, operation, design, construction and logistics of equipment, systems, infrastructure and technology used for observation, exploitation and protection of the ocean and sea areas.",2014,ISO,actif,Maritime
"ISO/TC 8/SC 25","Réduction des émissions de gaz à effet de serre dans le secteur maritime","Standardization of ship GHG assessment and documentation procedures; bunkering and/orcharging operations associated, and on-dock power generation. Note1: TC8 SC25 serves as a focal point within TC8 regarding the reduction of GHG from maritime shipping and works in cooperation with existing subcommittees to help provide guidance to the maritime industry and regulators regarding applicable ISO standards developed by TC8 and other TCs",2024,ISO,actif,"Énergie & Ressources"
"ISO/TC 8/SC 26","Transport maritime intelligent","Standardization in the field of emerging and advanced information and communication technologies, (e.g. big data and processing, IoT, onboard sensors, artificial intelligence) in shipbuilding and maritime intelligent transportation system.",2024,ISO,actif,Maritime
"ISO/TC 8/SC 27","Ports et terminaux","Standardization in the field of ports and terminals, covering planning, implementation, operation, upgrading, demolition and repurposing stages. It will include scheduling, design, controlling, monitoring and inspection, optimization of resource allocating, integrated state-of-the-art technology solutions, regardless of scales, types, or transitioning of goods or passengers, whether located on the coastline or inland rivers, aiming to improve efficiency, effectiveness, coordination, working c...",2025,ISO,actif,Maritime
"ISO/TC 10","Documentation technique de produits","Standardization and coordination of technical product documentation (TPD), including computer-generated 2D or 3D, and manually-created 2D or 3D, throughout the product life cycle from concept to end of life, to facilitate preparation, management, storage, retrieval, reproduction, exchange and use.",1947,ISO,actif,"Services & Management"
"ISO/TC 10/SC 1","Conventions générales","Standardization of basic conventions for representation and data management of technical product documentation.",1983,ISO,actif,"Industrie & Mécanique"
"ISO/TC 10/SC 6","Documentation sur l'ingénierie mécanique","Standardization of specific conventions for representation of technical product documentation in the field of mechanical engineering.",1981,ISO,actif,"Industrie & Mécanique"
"ISO/TC 10/SC 8","Documentation de construction","Standardization of specific conventions for representation and data management of technical product definition in the field of architecture, structural engineering, building services engineering, civil engineering, landscaping, regional planning and town planning.",1982,ISO,actif,"Construction & BTP"
"ISO/TC 10/SC 10","Documentation pour les usines de traitement","Standardisation of specific rules for: a) process plant documentation b) application of simplified representation c) application of structuring principles and reference designation. Standardization of graphical symbols used in process plant documentation is coordinated with IEC, including establishing and maintaining a database, from which any technical committee may prepare collective symbol standards.",1990,ISO,actif,"Industrie & Mécanique"
"ISO/TC 11","Chaudières et récipients sous pression","Standardization of construction and performance of boilers and pressure vessels. Excluded: railway and marine boilers covered by ISO/TC 8; gas cylinders covered by ISO/TC 58; aircraft and vehicle components covered by ISO/TC 20; equipment used for fire-fighting covered by ISO/TC 21; personal safety equipment covered by ISO/TC 94; components of rotating or reciprocating devices; nuclear pressure equipment covered by ISO/TC 85; piping systems covered by ISO/TC 67; cryogenic vessels covered by I...",1947,ISO,actif,"Industrie & Mécanique"
"ISO/TC 17",Acier,"Standardization in the field of cast, wrought and cold-formed steel, including technical delivery conditions for steel tubes for pressure purposes, environment related to climate change and emerging technologies application in the iron and steel industry. Excluded: steel tubes within the scope of ISO / TC 5; line pipe, casing, tubing and drill pipe within the scope of ISO / TC 67; methods of mechanical testing of metals within the scope of ISO / TC 164.",1947,ISO,actif,"Industrie & Mécanique"
"ISO/TC 17/SC 3","Aciers de construction","Standardization of uncoated steels for structural purposes (for bridges, building, etc.) and for general engineering purposes (steels not intended for heat treatment by the consumer), in terms of: qualities dimensions and tolerances for plates, wide flats, bars and sections excluding: flat rolled products manufactured on a continuous mill steel for the reinforcement of concrete and prestressing steels wire and wire rods structural hollow sections.",1980,ISO,actif,"Industrie & Mécanique"
"ISO/TC 17/SC 19","Conditions techniques de livraison des tubes d'acier pour appareils à pression","Maintenance of existing ISO Standards and preparation of new ISO Standards for technical delivery conditions for steel tubes for pressure purposes, in liaison with ISO/TC 5 and ISO/TC 11. Excluded from this area of work are all other standards for tubes whatever their use and particularly the standards related to ISO/TC 67 and the standards on tubes for transportation of water, gas and sewage.",1981,ISO,actif,"Industrie & Mécanique"
"ISO/TC 17/SC 21","Environnement lié au changement climatique dans l'industrie du fer et de l'acier","Standardization in the field of environment related to climate change such as low carbon process in the iron and steel industry.",2023,ISO,actif,"Environnement & Développement durable"
"ISO/TC 17/SC 22","Aciers inoxydables et résistants à la chaleur","Standardization of qualities, dimensions and tolerances of stainless and heat-resistant steelsmainly used in the engineering industry e.g.: construction, chemical and automotive industries.These steels are for general engineering purposes but include also their special applications inform of bright, spring and valve steels. Excluded; standardization of applications pressure purposes e.g.: plates and tubes (ISO/TC 17/SC 10 and ISO/TC 17/SC 19) concrete reinforcement (ISO/TC 17/SC 16) hollow se...",2026,ISO,actif,"Industrie & Mécanique"
"ISO/TC 20","Aéronautique et espace","Standardization of materials, components and equipment for construction and operation of aircraft and space vehicles as well as equipment used in the servicing and maintenance of these vehicles.",1947,ISO,actif,"Aéronautique & Espace"
"ISO/TC 20/SC 9","Chargement et équipement au sol","Develop and publish International Standards, Technical Reports or Publicly Available Specifications, as appropriate, in the fields of: Air cargo appliances designed and used to be flown aboard civil transport aircraft, including unit load devices and on board cargo systems; Ground servicing of aircraft, including towing, catering, de-icing and air conditioning; Ground handling of passengers, baggage, and cargo on airport ramps.",1981,ISO,actif,"Industrie & Mécanique"
"ISO/TC 20/SC 13","Systèmes de transfert des informations et données spatiales",,1990,ISO,actif,"Informatique & Technologies"
"ISO/TC 20/SC 14","Systèmes spatiaux, développement et mise en oeuvre","Standardization of crewed and uncrewed space systems that include management of space programmes, design, production, verification, launch, operations, maintenance, and disposal of space systems, end user applications and services, and for the environment in which the space programmes operate.",1992,ISO,actif,"Aéronautique & Espace"
"ISO/TC 20/SC 16","Aéronefs sans pilote","Standardization in the field of advanced air mobility and uncrewed aircraft systems (UAS), including but not limited to classification, design, manufacture, operation (including maintenance), and safety management.",2014,ISO,actif,"Aéronautique & Espace"
"ISO/TC 20/SC 17","Infrastructure aéroportuaire","Standardization in the field of airside airport infrastructure, to include grooving of landing and take-off lanes; asphaltic-ecologic-paving; vertical-signaling with painting and electric-electronic boards (painted and lighted signage). Scope excludes spaceports, which will be handled under ISO/TC 20/SC 14 and ground handling equipment (including fixed equipment such as passenger boarding bridges, docking guidance systems, etc.) which is under ISO/TC 20/SC 9. The scope also excludes air traff...",2014,ISO,actif,Maritime
"ISO/TC 21","Équipement de protection et de lutte contre l'incendie","Standardization in the field of all fire protection and fire fighting apparatus and equipment including extinguishing media as well as the personal equipment of the fire fighter, and related work on terminology, classification and symbols. Approval of advisory documents relating to the general principles and application of equipment and apparatus for fire protection and fire fighting. Excluded: protective clothing dealt with by ISO / TC 94.",1947,ISO,actif,"Industrie & Mécanique"
"ISO/TC 21/SC 2","Extincteurs mobiles","Standardization in the field of manually transportable fire extinguishers covering design, manufacture, performance and maintenance of fire extinguishers including handheld units up to 20 Kg and wheeled units up to 450 kg. SC 2 is also responsible for standardization for classes of fire.",1981,ISO,actif,"Sécurité & Protection"
"ISO/TC 21/SC 3","Systèmes de détection d'incendie et d'alarme","Standardization in the field of fire detection and alarm systems, including equipment standards covering fire detection devices and audio/visual warning devices to provide emergency signaling to building occupants in the event of a fire emergency, as well as installation and servicing of fire detection and alarm systems",1980,ISO,actif,"Sécurité & Protection"
"ISO/TC 21/SC 8","Matériel à gaz et systèmes fixes de lutte contre l'incendie à gaz","Standardization in the field of gaseous fire extinguishing and inerting systems,aerosol fire extinguishing systems, and reduced oxygen fire prevention systems.This includes standardization covering the safety, specification and testing ofcomponents and systems; safety and testing of gaseous and aerosol media; andsafety, design, installation, commissioning, inspection, servicing, testing andmaintenance of these systems.",1996,ISO,actif,"Sécurité & Protection"
"ISO/TC 21/SC 11","Systèmes de contrôle de fumée et de chaleur et leurs composants","Standardization in the field of fixed fire fighting systems using products for smoke control, i.e, smoke barriers, natural smoke and heat exhaust ventilators, powered ventilators, pressure differential systems, smoke control dampers, smoke duct sections, control equipment and power supply. Moreover ISO/TC 21/SC 11 isresponsible for standardization in the field of the design and maintenance of smoke control systems for installation in buildings or other construction works.",2002,ISO,actif,"Sécurité & Protection"
"ISO/TC 22","Véhicules routiers","Standardization of all aspects for all types of road vehicles and their interfaces approved for operation on public roads for the whole life cycle concerning safety, security, sustainability, compatibility, interchangeability, maintenance, evaluation of performance and quality. It also includes, but is not limited to, these vehicle related aspects: hardware and software; driving automation; communication and connected driving; test equipment and tools;",1947,ISO,actif,"Automobile & Transports"
"ISO/TC 22/SC 31","Communication de données","Standardization of implementation-independent data communication, data formats, logical interfaces, test sequence languages and related test plans (for conformity and interoperability) for road vehicles and vehicle sets, this includes: Data communication use cases consisting of in-vehicle networking and extended vehicle Extended vehicle methodology Open Systems Interconnect (OSI) layer services and protocols Diagnostic communication services Extended vehicle communication interfaces (wired or...",2014,ISO,actif,"Informatique & Technologies"
"ISO/TC 22/SC 32","Équipements électriques et électroniques et les aspects généraux des systèmes","Electrical and electronic (E/E) components and cross-sectional specifications for E/E systems and components This includes: Wiring harness (e.g cables, connectors, interconnections) Dedicated connectors (e.g trailer connectors, OBD-connector) Dedicated E/E components and parts (e.g. alternators, fuses, ignition equipment) EMC Environmental conditions Functional safety Cybersecurity Dedicated optical components Software update",2014,ISO,actif,"Informatique & Technologies"
"ISO/TC 22/SC 34","Propulsion, groupe motopropulseur et fluides associés","Systems and components for combustion based propulsion (such as; coolant, engines, filters, piston pins/rings, powertrain, testing methods, testing procedures, measurement testing apparatus, fuel injection equipment, as well as characteristics and additive fluids definitions (e.g. (AUS32), except lubricants, brake fluids, and fuels.",2014,ISO,actif,"Automobile & Transports"
"ISO/TC 22/SC 35","Éclairage et visibilité","Visibility and Conspicuity; Lighting and light-signalling and safety glazing materials.",2014,ISO,actif,"Automobile & Transports"
"ISO/TC 22/SC 36","Sécurité et essais de collision","Protection of occupants and vulnerable road users, including Passive safety assessment (including vehicle safety preconditioning) : Functional analysis Evaluation of devices and systems Virtual testing Accident analysis Post crash safety",2014,ISO,actif,"Sécurité & Protection"
"ISO/TC 22/SC 37","Véhicules à propulsion électrique","Specific aspects of electrically propelled road vehicles, trailers using voltage class B, electric propulsion systems, related components, body builder equipment and their vehicle integration.",2014,ISO,actif,"Automobile & Transports"
"ISO/TC 22/SC 38","Motocycles et cyclomoteurs","Standardization of motorcycles, mopeds and their components, concerning compatibility, interchangeability, safety, terminology and test procedures (including the characteristics of instrumentation), in order to evaluate their performances. Motorcycles and mopeds are to be intended as defined in the relevant definition of ISO 3833.",2014,ISO,actif,"Automobile & Transports"
"ISO/TC 22/SC 39",Ergonomie,"Driver interaction with driver environment and driver systems",2014,ISO,actif,"Sécurité & Protection"
"ISO/TC 22/SC 40","Aspects spécifiques aux voitures particulières, aux véhicules utilitaires, et aux poids lourds, aux véhicules spéciaux, aux autobus et aux remorques/caravanes","Specific aspects for passenger cars, heavy duty trucks, commercial vehicles, special vehicles (e.g. ambulance, motor caravan), buses, trailers/caravans, as well as their bodyworks and interfaces (e.g. couplings) which are not covered by other SCs of TC 22. Excluded: Special vehicle 'concrete truck mixer' and 'truck-mounted concrete boom pump' covered by ISO/TC 195/SC 1 'Machinery and equipment for concrete work' Special vehicle 'sweeper vehicle', 'cleaning vehicle', 'combined jetting and suct...",2014,ISO,actif,"Automobile & Transports"
"ISO/TC 22/SC 41","Aspects spécifiques des combustibles gazeux","Specifications of construction, installation and test of components for vehicles using gaseous fuels, including their assemblies and the interface with refuelling systems",2014,ISO,actif,"Énergie & Ressources"
"ISO/TC 23/SC 3","Sécurité et confort","Standardisation of safety, comfort, as well as ergonomic aspects, concerning the operation of tractors and agricultural machinery. According to the Resolution C235:2001 of ISO/TC 23 : 1. SC 3 is responsible for the elaboration of general (horizontal) standards related to safety, comfort and ergonomics of agricultural tractors and machinery; 2. the relevant specific (vertical/product) SCs are responsible for the elaboration of the specific safety standards for the machines falling in their sco...",1983,ISO,actif,"Sécurité & Protection"
"ISO/TC 23/SC 4",Tracteurs,"Standardization of agricultural tractors, trailers and loaders including terminology, ergonomics, safety and environmental aspects of tractors as well as subsystems of the tractor and its application to implements and other attachments.",1983,ISO,actif,"Agriculture & Foresterie"
"ISO/TC 23/SC 7","Matériel de récolte et de conservation","Standardization of equipment for harvesting, treatment, conservation and storage of agricultural crops within the farm, including component dimensions and/or the test procedures for the measurement of performance, rating and other characteristics .",1984,ISO,actif,"Agriculture & Foresterie"
"ISO/TC 23/SC 14","Commandes, symboles ou autres indications et manuels d'utilisation pour les opérateurs","Standardization of symbols for controls and displays, safety signs, and manuals for tractors, machinery for agriculture and forestry, and powered lawn and garden equipment.",1983,ISO,actif,"Services & Management"
"ISO/TC 23/SC 15","Matériels forestiers","Standardization of forestry machinery including terminology, safety, related tests methods and ergonomic aspects. Excluded manually portable forestry machinery dealt by ISO/TC 23/SC 17.",1983,ISO,actif,"Agriculture & Foresterie"
"ISO/TC 23/SC 19","Électronique en agriculture","Standardization of electrics and electronics for tractors, machines, systems, implements and their equipment used in agriculture and forestry, gardening, landscaping, irrigation and other related areas in which such equipment is used, including electronic identification of all categories of animals. This can also include data management, machine to machine, machine to cloud and related technologies and interfaces. Note: SC 19 is a horizontal subcommittee.",1990,ISO,actif,"Informatique & Technologies"
"ISO/TC 27/SC 3",Coke,"Standardization including analysis and testing to assist in the comparison and discussion of data relating to coke, its utilization and classification by size and type.",1983,ISO,actif,"Industrie & Mécanique"
"ISO/TC 27/SC 4",Échantillonnage,"Standardization including nomenclature, methods of sampling and sample preparation to assist in determination of the quality of coal and coke.",1981,ISO,actif,"Métrologie & Sciences"
"ISO/TC 28","Produits pétroliers et produits connexes, combustibles et lubrifiants d’origine synthétique ou biologique","Standardization of terminology, classification, specifications, methods of sampling,measurement, analysis and testing for: Crude petroleum; Petroleum-based liquid and liquefied fuels; Non-petroleum based liquid and liquefied fuels from natural or synthetic sources; Gaseous fuels for transport applications; Measurement of gaseous fuels liquefied by refrigeration or compression; Petroleum based lubricants and fluids (including hydraulic fluids and greases); Non-petroleum based lubricants and fl...",1947,ISO,actif,"Énergie & Ressources"
"ISO/TC 28/SC 2","Mesurage du pétrole et des produits connexes","Standardization of methods and reporting requirements for metering and sampling to determine volume or mass measurements, in static or dynamic conditions. These standards include the design and calibration of instrumentation, systems and tanks with associated calculations to normalised or other conditions of: crude petroleum; petroleum-based liquid and liquefied fuels; non petroleum based liquid and liquefied fuels from natural or synthetic sources; petroleum based lubricants and fluids (incl...",1980,ISO,actif,"Énergie & Ressources"
"ISO/TC 28/SC 4","Classifications et spécifications","Classifications and specifications for: Crude petroleum; Petroleum-based liquid and liquefied fuels; Non-petroleum based liquid and liquefied fuels from natural or synthetic sources; Gaseous fuels for transport applications; Petroleum based lubricants and fluids (including hydraulic fluids and greases); Non-petroleum based lubricants and fluids (including hydraulic fluids and greases) from natural or synthetic sources Excluded are classifications and specifications for: Fuels and lubricants u...",1980,ISO,actif,"Métrologie & Sciences"
"ISO/TC 28/SC 5","Mesurage des combustibles gazeux liquéfiés réfrigérés à base d'hydrocarures ou à base non pétrolière","Measurement of quantity and sampling of refrigerated hydrocarbon and non-petroleum based liquefied gaseous fuels, and the calibration of ship/shore tanks and gauging instruments used to store/transport and measure such fuels",1980,ISO,actif,"Énergie & Ressources"
"ISO/TC 30","Mesure de débit des fluides dans les conduites fermées","Standardization of rules and methods for the measurement of fluid flow in closed conduits including: terminology and definitions; rules for inspection, installation, operation; construction of instruments and equipment required; conditions under which measurements are to be made; rules for collection, evaluation and interpretation of measurement data, including errors.",1947,ISO,actif,"Environnement & Développement durable"
"ISO/TC 30/SC 5","Méthodes de vitesse et massiques","To standardize the methods and equipment to enable the flow-rate of fluids in closed conduits to be determined by the measurement of the mean axial flow velocity or by the integration of the local velocities. Examples of such equipment are as follows: electromagnetic flowmeters, ultrasonic flowmeters, coriolis mass flowmeters, instability methods (vortex, fluidic ...), velocity-area methods (current meters, Pitot tubes ...), tracer methods (di-lution method, transit time method, ...) etc.",1982,ISO,actif,"Métrologie & Sciences"
"ISO/TC 30/SC 7","Méthodes volumétriques, y compris les compteurs d'eau","To standardise the methods and equipment to enable the flow-rate of fluids in closed conduits to be determined by the direct measurement of the volume flow-rate, or of the volume passing through the meter.",1983,ISO,actif,"Métrologie & Sciences"
"ISO/TC 34","Produits alimentaires","Standardization in the field of human and animal foodstuffs, covering the food chain from primary production to consumption, as well as animal and vegetable propagation materials, in particular, but not limited to, terminology, sampling, methods of test and analysis, product specifications, food and feed safety and quality management and requirements for packaging, storage and transportation Excluded : products covered by ISO/TC 54 Essential oils and ISO/TC 93 Starch (including derivatives an...",1947,ISO,actif,Agroalimentaire
"ISO/TC 34/SC 3","Fruits et légumes et leurs produits dérivés","Standardization in the field of fruit and vegetable and their derived products, in particular, terminology, sampling, product specifications, requirements for packaging, storage, transportation, methods of tests and analysis.",1980,ISO,actif,Agroalimentaire
"ISO/TC 34/SC 4","Céréales et légumineuses","Standardization in the field of cereals and pulses as well as their products, in particular terminology, sampling, methods of test and analysis, product specifications and requirements for packaging, storage and transportation",1982,ISO,actif,Agroalimentaire
"ISO/TC 34/SC 6","Viandes, volailles, poissons, oeufs et leurs produits dérivés","Standardization in the field of meat, poultry, eggs, fish and their products, in particular terminology, sampling, methods of test and analysis, product specifications and requirements for packaging, storage and transportation",1980,ISO,actif,Agroalimentaire
"ISO/TC 34/SC 7","Epices, herbes aromatiques et condiments","Standardization in the field of spices, culinary herbs and condiments, in particular, terminology, sampling, methods of test and analysis, product specifications, requirements for packaging, storage and transportation",1981,ISO,actif,Agroalimentaire
"ISO/TC 34/SC 9",Microbiologie,"Horizontal methods in the field of microbiological analysis of the food chain from primary production stage to food and animal feed products, including the environment of food production and handling",1982,ISO,actif,Agroalimentaire
"ISO/TC 34/SC 10","Aliments des animaux","Standardization in the field of animal feeding stuffs including: terminology, sampling, methods of test and analysis in quality control, specifications of raw material & finished product, guidelines and requirements for packaging, storage and transportation",1980,ISO,actif,Agroalimentaire
"ISO/TC 34/SC 12","Analyse sensorielle","Standardization in the field of food sensory analysis that includes vocabulary, general directives, selection and training of sensory analysis assessors and the methodology to carry on the different tests",1980,ISO,actif,Agroalimentaire
"ISO/TC 34/SC 16","Méthodes horizontales pour l'analyse de biomarqueurs moléculaires","Standardization of biomolecular testing methods applied to foods, feeds, seeds and other propagules of food and feed crops including: Methods that analyze nucleic acids [e.g., polymerase chain reaction (PCR), genotypic analysis and sequencing], proteins [e.g. enzyme linked immunosorbent assay (ELISA)], and other suitable methods. Variety identification and detection of plant pathogens. *The scope does not include food microbiological methods.",2008,ISO,actif,Agroalimentaire
"ISO/TC 34/SC 17","Systèmes de management pour la sécurité des denrées alimentaires","Standardization in the field of food safety management systems, covering the food supply chain from primary production to consumption, human and animal foodstuffs as well as animal and vegetable propagation materials.",2009,ISO,actif,Agroalimentaire
"ISO/TC 34/SC 18",Cacao,"Standardization in the field of cocoa, including, but not limited to, terminology, sampling, product specifications, test methods, and requirements and verification criteria for determination of the sustainability and traceability of cocoa respectively.",2014,ISO,actif,Agroalimentaire
"ISO/TC 34/SC 19","Produits apicoles","Standardization of the whole process and circulation of bee products, including but notlimited to the following: products standards, basic standards, beekeeping practices, qualitystandards, testing method standards and storage and transportation standards. Food safety standards are excluded (already covered in TC 34/SC 17).",2017,ISO,actif,Agroalimentaire
"ISO/TC 34/SC 20","Perte et gaspillage de produits alimentaires","Standardization of food loss and waste, providing a framework for food organizations throughout the food chain, to work actively and effectively with measuring and reduction of food loss and waste.",2021,ISO,actif,Agroalimentaire
"ISO/TC 35/SC 14","Systèmes de peinture protectrice pour les structures en acier","Standardization in the field of corrosion protection of steel structures by paints and varnishes. This includes classification of environments and durability, paint system design, specification development, application, and supervision of paint work.",1991,ISO,actif,"Industrie & Mécanique"
"ISO/TC 37","Langage et terminologie","Standardization of descriptions, resources, technologies and services related to terminology, translation, interpreting and other language-based activities in the multilingual information society.",1947,ISO,actif,"Services & Management"
"ISO/TC 37/SC 3","Gestion des ressources terminologiques","Standardization of the specification, design and interoperability of terminology resources.",1985,ISO,actif,"Services & Management"
"ISO/TC 37/SC 4","Gestion des ressources linguistiques","Standardization of the modelling, specification, design, documentation and encoding of digital language resources to enable integration, interchange and replicability.",2001,ISO,actif,"Services & Management"
"ISO/TC 37/SC 5","Traduction, interprétation et technologies apparentées","Standardization in the field of translation, interpreting, as well as translation and interpreting related technology, technical writing, content management, localization, globalization, internationalization.",2012,ISO,actif,"Services & Management"
"ISO/TC 38/SC 23","Fibres et fils","Standardization of terminology, test methods, specifications and quality labelling of fibres and yarns.",1998,ISO,actif,"Industrie & Mécanique"
"ISO/TC 38/SC 24","Atmosphères de conditionnement et essais physiques des étoffes","Standardization of atmospheres for conditioning and testing of textiles and their related terminology, physical test methods of fabrics and digital measurements of fabrics.",1999,ISO,actif,"Industrie & Mécanique"
"ISO/TC 39/SC 10",Sécurité,,2003,ISO,actif,"Sécurité & Protection"
"ISO/TC 43",Acoustique,"Standardization in the field of acoustics, including methods of measuring acoustical phenomena, their generation, transmission and reception, and all aspects of their effects on humans and their environment. Excluded : electro-acoustics and the implementation of specifications of the characteristics of measuring instruments for acoustic purposes.",1947,ISO,actif,"Sécurité & Protection"
"ISO/TC 43/SC 2","Acoustique des bâtiments",,1984,ISO,actif,"Sécurité & Protection"
"ISO/TC 43/SC 3","Acoustique sous-marine","Standardization in the field of underwater acoustics (including natural, biological, and anthropogenic sound), including methods of measurement and assessment of the generation, propagation and reception of underwater sound and its reflection and scattering in the underwater environment including the seabed, sea surface and biological organisms, and also including all aspects of the effects of underwater sound on the underwater environment, humans and aquatic life.",2011,ISO,actif,"Sécurité & Protection"
"ISO/TC 44/SC 9","Santé et sécurité","Standardization of occupational health and safety in welding and related processes. This includes requirements on machines, equipment and devices and their connections in order to: minimize, detect, remove and separate hazardous substances resulting from welding and allied processes; protect personnel against hazards in the welding environment (e.g. radiation, noise, vibration, mechanical, optical, thermal hazards); It also includes measuring and testing procedures e.g. extraction efficiency.",1976,ISO,actif,"Santé & Médecine"
"ISO/TC 46","Information et documentation","Standardization of practices relating to libraries, documentation and information centres, publishing, archives, records management, museum documentation, indexing and abstracting services, and information science.",1947,ISO,actif,"Services & Management"
"ISO/TC 46/SC 4","Interopérabilité technique","Standardization of protocols, schemas, etc., and related models and metadata for processes used by information organizations and content providers, including libraries, archives, museums, publishers, and other content producers.",1981,ISO,actif,"Services & Management"
"ISO/TC 46/SC 8","Qualité - Statistiques et évaluation de la performance","Standardization of quantitative and qualitative data for the management of information organizations and content providers, e.g., libraries, archives, museums and publishers.",1987,ISO,actif,"Métrologie & Sciences"
"ISO/TC 46/SC 9","Identification et description","Standardization of information identifiers, description and associated metadata and models for use in information organizations (including libraries, museums and archives) and the content industries (including publishing and other content producers and providers).",1987,ISO,actif,"Services & Management"
"ISO/TC 46/SC 10","Exigences pour le  stockage et la conservation des documents","Standardization of requirements for storage and use of documents in libraries, archives and documentation centers, as well as practices related to maintenance and improvement of the conditions of preservation.",2005,ISO,actif,"Services & Management"
"ISO/TC 46/SC 11","Archives/Gestion des documents d'activité","Standardization of principles for the creation and management of documents, records and archives as evidence of transactions and covering all media including digital multimedia and paper.",1998,ISO,actif,"Services & Management"
"ISO/TC 48","Équipement de laboratoire","Standardization of devices and furniture for laboratory purposes, with respect to principles and to materials of construction, performance, dimensions and testing, as well as the terms and definitions used in connection therewith. The standardization of laboratory devices includes laboratory supplies, apparatus, electrical and non-electrical instruments. The standardization of laboratory furniture includes benches, specialist seating, laboratory storage units, media supply, taps, fittings and...",1947,ISO,actif,"Industrie & Mécanique"
"ISO/TC 48/SC 8","Instruments de mesure du volume","Standardization of devices for laboratory purposes including apparatus, instruments and associated supplies which are used to measure volume, with respect to operational and measurement principles, materials of construction, performance, dimensions, marking, testing, as well as the terms and definitions used in connection therewith.",2024,ISO,actif,"Métrologie & Sciences"
"ISO/TC 48/SC 9","Mobilier de laboratoire","Standardization of all furniture for laboratory purposes, ventilated and chemical/gas storage cupboards, cabinets and fume containment devices as well as laboratory associated ventilation with respect to principles and to materials of construction, product safety, performance, dimensions and testing, as well as to terms and definitions for use in connection therewith. Excluded: general furniture included in the scope of ISO/TC 136 integration of equipment in laboratories",2024,ISO,actif,"Santé & Médecine"
"ISO/TC 48/SC 10","Dispositifs microfluidiques","Standardization in the field of microfluidic devices with respect to their design, fabrication andcharacterization. This includes standardization of material selection, fabrication techniques,definition of performance criteria for device qualification and creation of measurement andtesting protocols to ensure reliability and reproducibility",2026,ISO,actif,"Métrologie & Sciences"
"ISO/TC 58","Bouteilles à gaz","Standardization of gas cylinders and other pressure receptacles, their fittings and requirements relating to their manufacture and use. Excluded: Cryogenic vessels (ISO/TC 220) and aerosol containers. NOTE: Pressure receptacles, cryogenic receptacles and aerosols are defined in the international regulations for the transport of dangerous goods by sea, air, road and rail and in the United Nations Recommendations on the Transport of Dangerous Goods, Model Regulations (ST/SG/AC.10/1 as amended f...",1947,ISO,actif,"Industrie & Mécanique"
"ISO/TC 58/SC 2","Accessoires de bouteilles","Under the direction of ISO/TC 58 the standardization of • The design and testing of valves, fittings and accessories (including flexible hoses), valve protection guards and caps, connection threads for gas cylinders and other transportable pressure receptacles, (e.g. bundles of cylinders). •Test and calculation methods to determine the fire potential (including oxidizing ability), toxicity and tissue corrosiveness of gases and gas mixtures.",1980,ISO,actif,"Industrie & Mécanique"
"ISO/TC 58/SC 3","Construction des bouteilles","Under the direction of ISO/TC 58 the standardization of: • Gas cylinders and other pressure receptacles, relating to their design, construction, testing and inspection at time of manufacture.",1984,ISO,actif,"Construction & BTP"
"ISO/TC 59","Bâtiments et ouvrages de génie civil","Standardization in the field of buildings and civil engineering works, of: general terminology; organization of information in the processes of design, manufacture and construction; general geometric requirements for buildings, building elements and components including modular coordination and its basic principles, general rules for joints, tolerances and fits, performance and test standards for sealants; general rules for other performance requirements, including functional and user require...",1947,ISO,actif,"Construction & BTP"
"ISO/TC 59/SC 2","Terminologie et harmonisation des langues","Standardization of terminology in the field of buildings and civil engineering works, comprising general terminology and terminology for specific topics within the scope of ISO/TC 59 or otherwise relevant but not falling with the scope of any other technical committee. ISO/TC 59/SC 2 will work toward: Encouraging the preparation of national versions of ISO/TC 59/SC 2 vocabularies Establishing common sets of terms as support for a common language and ease of communication using clear and conci...",1982,ISO,actif,"Services & Management"
"ISO/TC 59/SC 8",Mastics,"Standardization in the field of buildings and civil engineering regarding: general terminology; test methods; performance specifications; and technical reports related to functional and user requirements of flexible sealing materials. Exclusion: Cementitious/mineral material (e.g., grouts)",1980,ISO,actif,"Construction & BTP"
"ISO/TC 59/SC 13","Organisation et numérisation des informations relatives aux bâtiments et ouvrages de génie civil, y compris  modélisation des informations de la construction (BIM)","SC 13 is charged by TC 59 to focus on international standardization of information through the whole life cycle of buildings and infrastructure across the built environment to enable interoperability of information; to deliver a structured set of standards, specifications and reports to define, describe, exchange, monitor, record and securely handle information, semantics and processes, with links to geospatial and other related built environment information; to enable object-related digital ...",1987,ISO,actif,"Construction & BTP"
"ISO/TC 59/SC 14","Prévision de la durée de vie","Standardization in the field of Service LifePlanning and Design Life of buildings andconstructed assets during the period forwhich they are intended to remain functionaland meet their designed performancerequirements'. Note: Service life planning for buildingsinvolves the strategic and systematicconsideration of a building's life cycle,encompassing its design, construction,commissioning, operation, maintenance,and eventual disposal or reuse. This is toensure an adequate level of performance o...",1997,ISO,actif,"Construction & BTP"
"ISO/TC 59/SC 15","Cadre de travail pour la spécification de la performance dans les bâtiments pour résidence","Standardization in the field of basic performance standards on building construction including general rules for performance requirements for buildings as a whole and for subsystems, e.g., building elements, focusing on performance description and requirements, user requirements, and the means to evaluate housing and other types of building solutions. A special emphasis is placed on developing housing performance descriptions on aspects (e.g., for trading of houses as a whole), such as: Struc...",1997,ISO,actif,"Construction & BTP"
"ISO/TC 59/SC 16","Accessibilité et fonctionnalité des environnements construits","Standardization of accessibility in the built environment to ensure usability for the widest range of people",2001,ISO,actif,"Environnement & Développement durable"
"ISO/TC 59/SC 17","Développement durable dans les bâtiments et les ouvrages de génie civil","Standardization in the field of sustainability of new and existing construction works in the context of the UN Sustainable Development Goals and climate change mitigation and adaptation. The environmental, economic, and social aspects of sustainability and circular economy are included as appropriate.",2002,ISO,actif,"Énergie & Ressources"
"ISO/TC 59/SC 18","Marchés de construction","Standardization of the conceptual framework and characteristics for procurement processes, methods and procedures for the construction, renovation, refurbishment, alteration, maintenance and demolition of construction works including: the flow of information from the business case through to the completion and feedback on the lessons learned; funding options, selection methods, pricing methods, and contracting methods; the role of the client in the delivery of projects, and control frameworks...",2015,ISO,actif,"Construction & BTP"
"ISO/TC 59/SC 19","'Prefabricated building'","Standardization in the field of prefabricated building, of: general terminology and metrics, including fire stopping and seismic, watertightness, physical properties, value proposition, taxonomy; general requirements for planning, design and offsite production of prefabricated buildings, including types of structural system, integrated design and finish/fit-out; general requirement for digitalization, including digital intelligent production management, associated bill of materials and proces...",2021,ISO,actif,"Construction & BTP"
"ISO/TC 59/SC 20","Résilience des bâtiments et des ouvrages de génie civil","Standardization in addressing resilience in design of built environment to reduce risks induced by hazards, whether natural or man-made, and changing environment. excluded: — resilience of cities and communities (in ISO/TC 268 Sustainable cities and communities) — emergency management (in ISO/TC 292 Security and resilience)",2023,ISO,actif,"Construction & BTP"
"ISO/TC 61/SC 2","Comportement mécanique","Standardization of methods for measuring mechanical behavior and properties of plastics, including static mechanical behavior, hardness and surface properties, impact and high‐speed properties, temperature‐dependent mechanical behavior, and fracture and fatigue behavior. Standards for the dimensions of test specimens as well as acquisition and presentation of data also falls in the scope of SC 2. Excluded: unless otherwise agreed, tests specific to one product. Note 1: SC 2 is one of the sub‐...",1981,ISO,actif,"Industrie & Mécanique"
"ISO/TC 61/SC 4","Comportement au feu","All standardization and guidance on measurements of the fire properties of plastics, plastic Composites, semi‐finished products and finished products containing plastics. This includes, but is not limited to measurement of ignition, fire growth (flame spread, heat release), smoke and corrosive products and fire resistance of plastics, plastic composites and semi‐finished and finished products containing plastics in small scale tests and larger scale tests. All standardization and guidance on ...",1981,ISO,actif,Maritime
"ISO/TC 61/SC 6","Vieillissement et résistance aux agents chimiques et environnants","All standardization activities in the field of plastics relating to ageing, chemical and environmental resistance. This includes in particular, but not limited to, standardization of atmospheres for conditioning and testing, of test methods for natural and artificial weathering, for exposure to natural and artificial solar radiation, for exposure to the environment (such as heat, salt mist, microorganisms), for the determination of fungistatic, antiviral and antibacterial activities. The test...",1981,ISO,actif,"Industrie & Mécanique"
"ISO/TC 61/SC 11",Produits,"Standardization in the field of plastic products, including their terminology, processing by assembly, in particular, but not limited to joining techniques by means of polymeric adhesives, sealing, mechanical joining or welding. Excluded: rubber, lacquers, coatings and Cellular plastics. Note 1: By agreement, standards in relation to thermoplastic elastomers are developed and maintained by ISO/TC 45 and by ISO/TC 61. Note 2: Standardization of polymeric adhesives is not limited to plastics bo...",1981,ISO,actif,"Industrie & Mécanique"
"ISO/TC 61/SC 14","Aspects liés à l'environnement","All standardization activities in the field of plastics relating to environmental and sustainability aspects. The focus is on, but not limited to biobased plastics, biodegradability, environmental footprint incl. carbon footprint, resource efficiency incl. circular economy, characterization of plastics leaked into the environment incl. microplastics, waste management incl. organic, mechanical and chemical recycling",2017,ISO,actif,"Environnement & Développement durable"
"ISO/TC 67","Industries du pétrole et du gaz, y compris les énergies à faible teneur en carbone","Standardization in the field of the oil & gas industry, including, petrochemical and lower carbon energyactivities Excluded: aspects related to the Petroleum and related products, fuels and lubricants from natural orsynthetic sources being covered in ISO/TC 28; aspects related to Natural gas being covered in ISO/TC 193; aspects related to hydrogen technologies being covered in ISO/TC 197; aspects related to biogas being covered in ISO/TC 255; aspects related to Carbon dioxide capture, transpo...",1947,ISO,actif,"Énergie & Ressources"
"ISO/TC 67/SC 2","Systèmes de transport par conduites","Standardization in the field of pipeline transportation of fluids specific for oil and gas industries including lower carbon energy activities. Objects of standardization comprise the following elements of the on-land and offshore pipelines: pipeline system as a whole including gathering lines and distribution piping, line pipe (excluding: ferrous metal pipes and metallic fittings related to ISO/TC 5, aluminium alloy pipes related to ISO/TC67/WG5), valves and their equipment (including actuat...",1992,ISO,actif,Maritime
"ISO/TC 67/SC 4","Equipements de forage, de production et d'injection","Standardization of drilling, production and injection equipment used in the oil and gas industries, including lower carbon energy.",1991,ISO,actif,"Énergie & Ressources"
"ISO/TC 67/SC 5","Tubes de cuvelage, tubes de production et tiges de forage","Standardization of casing, tubing and drill pipe for petroleum and natural gas industries including lower carbon energy activities.",1988,ISO,actif,"Industrie & Mécanique"
"ISO/TC 67/SC 6","Equipements des procédés, tuyauteries, systèmes, et sécurité qui y est rattachée","Standardization of process equipment, piping, systems, and process safety for oil and gas industries including petrochemical and lower carbon energy activities.",1988,ISO,actif,"Industrie & Mécanique"
"ISO/TC 67/SC 7","Structures en mer","Standardization in the field of offshore structures used in the oil & gas and lower carbon energy industries, which includes as it pertains to the substructure (for generation and substations) for: Oil and gas Offshore structures for use of lower carbon/renewable energy production (e.g., wind, wave) Offshore CO2, H2, NH3 storage Platform re-use in new locations and/or re-purposed Installation and removal Life extension Exclusions: Aspects of offshore structures subject to IMO [International M...",1988,ISO,actif,"Énergie & Ressources"
"ISO/TC 67/SC 8","Opérations en Arctique","Standardization of operations associated with exploration, production and processing of hydrocarbons in onshore and offshore arctic regions, and other locations characterized by low ambient temperatures and the presence of ice, snow and/or permafrost. The work will be executed in coordination with the relevant ISO/TC 67 subcommittees and work groups. Excluded: Requirements for offshore pipelines that are under SC 2, requirements for offshore structures that are under SC 7.",2011,ISO,actif,"Énergie & Ressources"
"ISO/TC 67/SC 9","Installations de production, de transport et de stockage de gaz liquéfiés cryogéniques","Developing and maintaining standards in the field of installations, equipment and procedures used in production, transportation, transfer, storage, regasification facilities of cryogenic liquefied gases, taking into account safety and emissions. Cryogenic liquefied gases are: (a) gas at 50 °C has a vapour pressure greater than 300 kPa (3 bar); or (b) completely gaseous at 20 °C at the standard pressure of 101.3 kPa. Standardization covers the supply chain from the inlet to the outlet of the r...",2015,ISO,actif,Maritime
"ISO/TC 67/SC 10","Récupération assistée du pétrole","Standardization of “Enhanced Oil Recovery” as applied to onshore and offshoreand other EOR technologies. exclusion: aspects related to CO2 capture, transportation, and geological storage beingcovered by ISO/TC 265.",2022,ISO,actif,"Énergie & Ressources"
"ISO/TC 68","Services financiers","Standardization in the field of banking, securities and other financial services.",1972,ISO,actif,"Services & Management"
"ISO/TC 68/SC 2","Services financiers, sécurité","Standardization for information security management and operations in financial services, excluding security and operations in reference data for financial services (covered by TC 68/SC 8) and information exchange for financial services (covered by TC 68/SC 9).",1981,ISO,actif,"Sécurité & Protection"
"ISO/TC 68/SC 8","Données de référence pour les services financiers","Standardization in the field of reference data for financial services",2017,ISO,actif,"Informatique & Technologies"
"ISO/TC 68/SC 9","Echange d’informations pour les services financiers","Standardization in the field of information exchange for financial services",2017,ISO,actif,"Services & Management"
"ISO/TC 69","Application des méthodes statistiques","Standardization in the application of statistical methods, including generation, collection (planning and design), analysis, presentation and interpretation of data. Note: ISO Council, by Council Resolution 12 / 1959 and Council Resolution 26 / 1961 has entrusted ISO / TC 69 with the function of advisor to all ISO technical committees in matters concerning the application of statistical methods in standardization.",1948,ISO,actif,"Services & Management"
"ISO/TC 69/SC 4","Application de méthodes statistiques au management de produits et de processus","Standardisation in the field of the application of statistical methods in productand process management, especially with regard to• the implementation of statistical process control (SPC),• measurement and production process capability and performance, and• control charts and their application",1981,ISO,actif,"Services & Management"
"ISO/TC 69/SC 5","Échantillonnage en vue d'acceptation","Standardization of acceptance sampling including: Sampling procedures for inspection by attributes Sampling procedures and charts for inspection by variables for percentnonconforming Audit sampling Random sampling and randomization procedures The large discrete manufacturing industries, in particular, defence, aerospace and automotive, were the main target of the SC 5 standards. The current focus of SC 5 is expanding to industries like pharma, food, medical devices, financial auditing and ser...",1980,ISO,actif,"Métrologie & Sciences"
"ISO/TC 69/SC 6","Méthodes et résultats de mesure","Standardization in the field of application of statistical methods related toqualitative and quantitative results from testing and measurement methods.Applications include performance evaluation of testing and measurementTC69 Revised SC Scopes for Review methods, performance evaluation of laboratories and measurement uncertainty evaluation.",1981,ISO,actif,"Métrologie & Sciences"
"ISO/TC 69/SC 7","Applications de techniques statistiques, ou de techniques associées, pour la mise en oeuvre de Six Sigma","Standardization of statistical methods and related techniques - including Six Sigma, Lean, and other process improvement methodologies - to empower and sustain transformation for excellence in processes, products, services, and both manufacturing and transactional applications.",2008,ISO,actif,"Services & Management"
"ISO/TC 69/SC 8","Application de méthodologies statistiques et connexes pour le développement de nouvelles technologies et de nouveaux produits","Standardization in the field of the application of statistical and related proceduresfor new technology and products including private or public services developmentsto optimize their values from the viewpoints of customers, users, and/or societies.",2009,ISO,actif,"Services & Management"
"ISO/TC 70","Moteurs à combustion interne","Standardization in the field of reciprocating and rotary displacement internal combustion engines, including definitions, performance / tests and special requirements, taking into account the relationship between engine and driven machinery and environment. Excluded: reciprocating and rotary displacement engines used to propel road vehicles and aircraft.",1949,ISO,actif,"Industrie & Mécanique"
"ISO/TC 70/SC 8","Mesurage des émissions de gaz d'échappement","Standardization in the field of exhaust gas emission measurement for internal combustion engines, including definitions, tests and calculation methods, with a focus on ensuring the best possible accuracy as well as applicability for various fuels and engine sizes.",1992,ISO,actif,"Énergie & Ressources"
"ISO/TC 71/SC 3","Fabrication du béton et exécution des structures en béton","Standardization in the field of concrete production to obtain the required performance with respect to properties in the fresh and hardened state including strength, durability as well as standards for the prime constituent materials except cement. Standardization for the execution of concrete structures, and for operations in the construction process such as grouting of prestressing systems.",1983,ISO,actif,"Construction & BTP"
"ISO/TC 71/SC 4","Prescriptions de performance pour le béton structural","Standardization of performance requirements for structural concrete used in construction works of different structures, including: Development and coordination of basic performance requirements for concrete structures, according to type, function and environment; Determination and systematization of the main structural parameters and conditions that need to be considered in the design, construction, inspection and quality acceptance; Determination of criteria for structural safety, serviceabi...",1995,ISO,actif,"Construction & BTP"
"ISO/TC 71/SC 6","Matériaux non traditionnels d'armature pour structures en béton","Standardization in the filed of non-traditional reinforcing materials for concrete structures include 1) long fiber for reinforcing and/or prestressing concrete 2) short fibers for fiber reinforced concrete /FRC) and 3) epoxy coated steel bars Other existing materials which are not in the list or new materials which will be developed in future may be included. These materials are supposed to be applied to new constructions and/or repair on strengthening of existing concrete structures. In ord...",2000,ISO,actif,"Construction & BTP"
"ISO/TC 71/SC 7","Entretien et réparation des structures en béton","Standardization in the field of maintenance and repair of concrete structures including : conceptual framework for maintenance of concrete structures under performance-based system steps that should be taken in the case of design and construction of new structures to facilitate maintenance operations nondestructive testing evaluation, repair, restoration of strength of deteriorated concrete structures, especially considering that several NDT tools are specific to certain mechanisms of deterio...",2004,ISO,actif,"Construction & BTP"
"ISO/TC 71/SC 8","Management environnemental du béton et des structures en béton","Standardization in the field of environmental management for both new and existing concrete and concrete structures including (1) general framework, principles and requirements for considerations of environmental aspects into concrete and concrete structures, (2) preparation of inventory data and system boundaries, (3) environmental evaluation of concrete production, execution, maintenance, demolishment and reuse of concrete structures, and recycling of concrete, (4) environmental labels and ...",2007,ISO,actif,"Environnement & Développement durable"
"ISO/TC 72/SC 8","Exigences de sécurité pour le matériel textile",,1997,ISO,actif,"Industrie & Mécanique"
"ISO/TC 76","Appareils de transfusion, de perfusion et d'injection et appareils destinés au traitement du sang à usage médical et pharmaceutique","Standardization of containers (such as infusion bottles and bags, injection vials, ampoules, glass cylinders, cartridges, prefillable syringes, etc.) application systems (such as giving sets, non-electrically driven portable infusion devices, blood collection systems, etc.) and accessories for infusion, transfusion, injection and blood processing in blood banks, terms, definitions, requirements and test methods for these devices, specifications and test methods for quality and performance of ...",1951,ISO,actif,"Santé & Médecine"
"ISO/TC 82/SC 7","Fermeture et gestion de la restauration des mines","Standardization of environmental, social and governance aspects of mining to: minimize the negative impacts from mining through its life cycle and transition to post-mining land use, take action to combat climate change and its impacts, develop sustainable benefits and opportunities for local and regional communities, respect community cultural connections to places, adopt a long-term view that ensures inter-generational equity, embrace opportunities for innovation by adopting the principles ...",2013,ISO,actif,"Environnement & Développement durable"
"ISO/TC 83","Matériel et équipements de sports et autres activités de loisirs","Standardization of terms, dimensions, tolerances, functional, operational, maintenance, training, performance and safety requirements, as well as their testing, including related test equipment for physical (including traditional) and virtual (including e-sports) sports. Development and maintenance of standards for: sports and recreational facilities and equipment including those for recreational purposes (e.g. ropes courses, playgrounds, inflatables, water slides, camping tents, recreational...",1955,ISO,actif,"Industrie & Mécanique"
"ISO/TC 85","Énergie nucléaire, technologies nucléaires, et radioprotection","Standardization in the field of peaceful applications of nuclear energy, nuclear technologies and in the field of the protection of individuals and the environment against all sources of ionising radiations.",1956,ISO,actif,"Environnement & Développement durable"
"ISO/TC 85/SC 2",Radioprotection,"Standardization in the field of the protection of individuals (workers, patients, members of the public) and the environment against all sources of ionizing radiations in planned, existing or emergency exposure situations linked to nuclear activities, medical activities, industrial activities, research activities and natural radiation sources. It includes notably standardization for the design and use of equipment/systems/sources, metrology of radiation, dosimetry and related protocols, monit...",1980,ISO,actif,"Sécurité & Protection"
"ISO/TC 85/SC 5","Installations nucléaires, procédés et technologies","Standardization and promotion of good practices associated with the planning, design, construction, operation and decommissioning of installations, processes and technologies involving radioactive materials Nuclear installations, processes and technologies include: the Fuel Cycle including mining, ex-reactor nuclear criticality safety, analytical methodologies, transport of radioactive materials, materials characterisation, radioactive waste management, decommissioning and geological disposal...",1982,ISO,actif,"Énergie & Ressources"
"ISO/TC 85/SC 6","Technologie du réacteur","The scope covers standardization in the field of nuclear power plants and research reactors. The scope includes: Calculation, analysis and measurements in support of physics of power reactor core design and operation. Siting, design, construction, operation and decommissioning. Siting includes all types of nuclear installations and all topics such as flooding, seismic hazards, etc. Research reactors include a large variety of facilities : production of neutron beams, irradiation of specimens,...",1995,ISO,actif,"Énergie & Ressources"
"ISO/TC 86","Froid et climatisation","Standardization in the fields of refrigeration and air-conditioning, including terminology, mechanical safety, methods of testing and rating equipment, measurement of sound levels, refrigerant and refrigeration lubricant chemistry, with consideration given to environmental protection. The scope includes factory-assembled air-conditioners (cooling), heat pumps, dehumidifiers, refrigerants, and refrigerant reclaiming and recycling equipment as well as other devices, components and equipment suc...",1957,ISO,actif,"Environnement & Développement durable"
"ISO/TC 86/SC 1","Exigences de sécurité et d'environnement relatives aux systèmes frigorifiques","Standardization of safety requirements for the design, construction, installation, testing, operation, maintenance, repair and disposal of refrigeration, air conditioning, and heat pump systems which are intended to minimize hazards to people, property and the environment.",1983,ISO,actif,"Environnement & Développement durable"
"ISO/TC 86/SC 6","Essai et étalonnage des climatiseurs et pompes à chaleur","Standardization for the performance of air conditioning systems and heat pumps, ducted and ductless, including air-side energy recovery ventilation systems. Both heat source and sink include air and liquid (water including ground source). The performance evaluation targets capacity, input, and energy efficiency at full load conditions as well as part load conditions to calculate seasonal efficiency. Test conditions, test methods, and calculation methods are specified for these products and ev...",1980,ISO,actif,"Métrologie & Sciences"
"ISO/TC 86/SC 7","Essais et point nominal des meubles frigorifiques de vente","Standardization in the fields of Commercial and Professional Refrigerating Appliances and Systems for refrigeration, preparation, catering retail and wholesale of food and beverage and related products, with respect to performance requirements and related test methods; requirements and test methods for determination of energy consumption. Industrial scale production plants are excluded. Safety and Environmental matters are excluded.",1981,ISO,actif,"Métrologie & Sciences"
"ISO/TC 89","Panneaux à base de bois","Standardization in the field of panels such as fibreboards, particle boards and plywood based on lignocellulosic materials (derived from wood or other materials) including terminology, classification, dimensions, test methods and quality requirements.",1957,ISO,actif,"Industrie & Mécanique"
"ISO/TC 92","Sécurité au feu","Standardization of the methods of assessing fire hazards and fire risk to life and to property; the contribution of design, materials, building materials, products and components to fire safety and methods of mitigating the fire hazards and fire risks by determining the performance and behaviour of these materials, products and components, as well as of buildings and structures. Excluded: materials and equipments already covered by other technical committees; fields covered by other ISO and I...",1958,ISO,actif,"Sécurité & Protection"
"ISO/TC 92/SC 3","Dangers pour les personnes et l'environnement dus au feu","ISO/TC 92 SC3 provides evaluation tools for fire effects on life, health, and environmental quality. The main objectives of ISO/TC 92/SC 3 are as follows: a) Provide appropriate guides and calculation methods, along with instrumentation, measurement and validation procedures for analysis and assessment of the impact of fire and its effluent on people and the environment; b) Develop guidance on the use of such procedures in fire safety engineering, including the standardization of methods for ...",1980,ISO,actif,"Environnement & Développement durable"
"ISO/TC 92/SC 4","Ingénierie de la sécurité incendie","Standardisation to support the application of fire safety engineering in the built environment, including but not limited to, areas related to performance-based fire safety design/assessment, implementation of fire safety design plans and fire safety management.",1991,ISO,actif,"Sécurité & Protection"
"ISO/TC 94","Sécurité individuelle -- Equipement de protection individuelle","Standardization of the performance of personal protective equipment designed to safeguard wearers against all known possible hazards.",1959,ISO,actif,"Sécurité & Protection"
"ISO/TC 94/SC 6","Protection des yeux et du visage","SC6 is responsible for preparing standards for the requirements and test methods for, and guidance on the selection and use of, eye and face protection against hazards to the eyes and face met in occupations, leisure and some sports. These include mechanical hazards such as impact, dust and splashes or streams of liquids, heat, solar and artificial optical radiation (glare, UV and IR radiation) including occupational, general purpose sunglasses and sunglasses for running, cycling and similar ...",1983,ISO,actif,"Sécurité & Protection"
"ISO/TC 94/SC 14","Équipements individuels pour les sapeurs-pompiers","ISO/TC 94/SC14 was established specifically to deal with the unique requirements for firefighters' Personal Protective Equipment (PPE). Under the scope of SC 14, each Standard for firefighters' PPE is developed for a particular aspect of fire and rescue activities. Within its scope, firefighters PPE includes head protection, eye and face protection, hearing protection, hand protection, body protection (includes upper and lower torso), foot protection and respiratory protection that is used by...",2001,ISO,actif,"Industrie & Mécanique"
"ISO/TC 94/SC 15","Appareils de protection respiratoire","Standardization of performance, test methods, human factors, selection and use of respiratory protective devices to protect the wearer in hazardous atmospheres and/or environments. RPD for use in aircraft, diving apparatus, medical life support respirators and/or resuscitators are excluded.",2001,ISO,actif,"Sécurité & Protection"
"ISO/TC 96","Appareils de levage à charge suspendue","Standardization in the field of cranes and related equipment which suspend loads by means of a load-handling device, particularly in respect of terminology, load rating, testing, safety, general design principles, maintenance, operation and load lifting attachments.",1960,ISO,actif,"Industrie & Mécanique"
"ISO/TC 96/SC 4","Méthodes d'essai","Standardization of test methods and techniques to validate design features and safety requirements of cranes and accessories.",1982,ISO,actif,"Métrologie & Sciences"
"ISO/TC 96/SC 6","Grues mobiles","Standardization of terminology, load rating, testing, safety, and general design principles of equipment and components used in the construction, inspection, maintenance and safe operation of mobile cranes.",1981,ISO,actif,"Industrie & Mécanique"
"ISO/TC 96/SC 7","Grues à tour","Standardization of terminology, graphical symbols, testing, safety, and general design principles of equipment and components used in the construction, erection/dismantling, inspection and maintenance of tower cranes. It also covers safe use of tower cranes. Note: In addition, ISO/TC 96/SC 7 was mandated by ISO/TC 96 to provide part 1 'General requirements/principles' applicable to all type of cranes for the following subjects: control layout and characteristics, cabins and control stations, ...",1980,ISO,actif,"Industrie & Mécanique"
"ISO/TC 96/SC 8","Grues à flèche","Standardization of terminology, load rating, testing, safety, and general design principles of equipment and components used in the construction, maintenance, inspection and safe operation of jib cranes.",1980,ISO,actif,"Industrie & Mécanique"
"ISO/TC 96/SC 9","Ponts et portiques roulants","Standardization of terminology, testing, safety and general design principles of equipment and components used in the construction, maintenance, inspection and operation of bridge and gantry cranes and relevant load lifting attachments.",1980,ISO,actif,Maritime
"ISO/TC 98","Bases du calcul des constructions","Standardization of the bases for design of structures irrespective of the material of construction including especially terminology and symbols, load, forces and other actions and limitations of deformations. Consideration and coordination of basic reliability requirements concerning the structures as a whole, including consideration of structures made of particular materials (steel, stone, concrete, wood, etc.) as far as is necessary for the preparation of a common approach to reliability in...",1960,ISO,actif,"Construction & BTP"
"ISO/TC 98/SC 1","Terminologie et symboles","Standardization of terminology and symbols to maintain the vocabulary and definitions for design of structures irrespective of the material of construction related to the work of ISO/TC 98 and its sub-committees.",1980,ISO,actif,"Services & Management"
"ISO/TC 101","Engins de manutention continue","Standardization in the field of continuous mechanical handling equipment for loose bulk materials or unit loads, comprising terminology, general design and construction, leading dimensions, safety requirements and testing and inspection methods.",1961,ISO,actif,"Industrie & Mécanique"
"ISO/TC 106","Médecine bucco-dentaire","Standardization in oral health care including: terms and definitions; performance, safety, and specification requirements of dental products; and clinically relevant laboratory test methods, all of which contribute to improved global health.",1962,ISO,actif,"Santé & Médecine"
"ISO/TC 106/SC 1","Produits pour obturation et restauration","Standardization of medical devices and materials intended to be used for direct dental restorations and in conjunction with indirect restorations and medical devices and materials intended to be used in orthodontics including: terms and definitions when appropriate; performance and safety requirements of devices; test methods, with consideration for clinical relevance to contribute to improved general health.",1985,ISO,actif,"Santé & Médecine"
"ISO/TC 106/SC 2","Produits pour prothèses dentaires","Standardization of prosthodontic materials and devices intended to be used for indirect dental restorations and in conjunction with auxiliary materials and direct restorations intended to be used in prosthodontics including: Terms and definitions when appropriate; Performance and safety requirements; Test methods and evaluation of properties with consideration toward clinical relevance to contribute to improved oral health.",1989,ISO,actif,"Santé & Médecine"
"ISO/TC 106/SC 7","Produits de soins bucco-dentaires","Oral care products Standardization of: oral care products - those substances, preparations and devices intended for use by the public or for application by dental professionals with objectives that include improving or maintaining oral health, enhancing comfort, changing the appearance of teeth, and preventing oral disease; associated laboratory test methods and terminology.",1986,ISO,actif,"Santé & Médecine"
"ISO/TC 106/SC 8","Implants dentaires","Dental implants Standardization in oral health care relating to devices surgically implanted into bone and/or soft tissues in the oro-facial region, and related accessories, including: terms and definitions; performance, safety, and specification requirements; and laboratory test methods.",1989,ISO,actif,"Santé & Médecine"
"ISO/TC 106/SC 9","Systèmes dentaires de CFAO","Dental CAD/CAM systems Standardization of: performance, safety and interoperability requirements of CAD/CAM systems for digitizing, designing and manufacturing patient specific products, the components of which include but are not limited to three-dimensional measuring devices (digitizing devices), manufacturing devices, and computer programs; Performance and safety requirements for materials specifically intended for CAD/CAM systems that are used to manufacture patient-specific dental produc...",2011,ISO,actif,"Santé & Médecine"
"ISO/TC 107/SC 8","Revêtements de conversion chimique","Standardization of coating processes and properties applied to the surface of metal and inorganic coatings through chemical conversion methods to improve the properties of metal and inorganic coatings. i. Improvement of corrosion resistance ii. Improvement of adhesion of subsequent layers iii. Change in electrical conductivity properties iv. Change in heat transfer properties v. Change in mechanical properties vi. The appearance as a final layer vii. Decreasing the environmental impact Standa...",1982,ISO,actif,"Industrie & Mécanique"
"ISO/TC 107/SC 9","Revêtements obtenus par dépôt physique en phase vapeur","Standardization of the specification of vacuum evaporation, magnetron sputtering, arc ion plating, other new physical vapor deposition methods or their combination as an alternative to conventional electro/electroless plating. Standardization of the characteristics of protective and decorative metallic (such as silver, copper, chrome, titanium and zirconium) or non-metallic coatings (such as nitrides and oxides, excluding paints and other organic coatings as well as diamond-like carbon films)...",2017,ISO,actif,"Industrie & Mécanique"
"ISO/TC 108","Vibrations et chocs mécaniques, et leur surveillance","Standardization in the fields of mechanical vibration and shock and the effects of vibration and shock on humans, machines, vehicles (air, sea, land and rail) and stationary structures, and of the condition monitoring of machines and structures, using multidisciplinary approaches. Specific areas of current interest include the standardization of: terminology and nomenclature in the fields of mechanical vibration, mechanical shock and condition monitoring; measurement, analysis and evaluation ...",1963,ISO,actif,"Industrie & Mécanique"
"ISO/TC 108/SC 2","Mesure et évaluation des vibrations et chocs mécaniques intéressant les machines, les véhicules et les structures",,1980,ISO,actif,"Industrie & Mécanique"
"ISO/TC 108/SC 5","Surveillance et diagnostic des systèmes de machines","Standardization of the procedures, processes and equipmentrequirements uniquely related to the technical activity of condition monitoring and diagnostics of machines systems in which selected physical parameters associated with an operating machine system are periodically or continuously sensed, measured and recorded for the interim purpose of reducing, analyzing, comparing and displaying the data and information so obtained and for the ultimate purpose of using this interim result to support...",1993,ISO,actif,"Industrie & Mécanique"
"ISO/TC 109","Brûleurs à combustible liquide et à gaz","Standardization concerning definitions, safeguards and security, construction, function and testing of oil and gas burners. Excluded : storage tanks and pipe work, if they do not form part of the burner assembly.",1963,ISO,actif,"Énergie & Ressources"
"ISO/TC 110","Chariots de manutention","Standardization in the field of power-operated industrial trucks, hand-operated industrial trucks (including sack trucks, hand carts, trailers), all types of wheels and castors excluding those with pneumatic tyres and rubber solid tyres for pneumatic tyre rims, comprising : terminology and definitions; safety requirements related to: design and construction; testing and inspection methods operation and maintenance; principal dimensions to facilitate interchangeability where essential to the i...",1963,ISO,actif,"Industrie & Mécanique"
"ISO/TC 110/SC 2","Sécurité des chariots de manutention automoteurs","Standardization in the field of power operated industrial trucks, hand-operated industrial trucks (including sack trucks, hand carts, trailers), all types of wheels and castors excluding those with pneumatic tyres and rubber solid tyres for pneumatic tyre rims, comprising safety requirements related to: • design and construction • testing and inspection methods • operation and maintenance",1984,ISO,actif,"Sécurité & Protection"
"ISO/TC 110/SC 4","Chariots tout-terrain","Standardization in the field of powered, directly or remotely operated rough-terrain trucks and their related attachments, for general safety, performance requirements, maintenance, inspection and operation.",2006,ISO,actif,"Industrie & Mécanique"
"ISO/TC 110/SC 5",Durabilité,"Standardization and observations in the field of sustainability aspects related to machines within the scope of ISO/TC 110, industrial trucks.",2014,ISO,actif,"Industrie & Mécanique"
"ISO/TC 112","Technique du vide","Standardization of vacuum technology both in the field of apparatus (essential characteristics, dimensions and materials), and in the field of definitions and methods of measurement.",1964,ISO,actif,"Industrie & Mécanique"
"ISO/TC 113",Hydrométrie,"Standardization of methods, procedures, instruments, and equipments relating to techniques for hydrometric determination of water level, velocity, discharge and sediment transport in open channels, precipitation and evapotranspiration, availability and movement of ground water, including: terminology and symbols; collection, evaluation, analysis, interpretation and presentation of data; evaluation of uncertainties.",1964,ISO,actif,"Environnement & Développement durable"
"ISO/TC 113/SC 2","Structures mesurant le débit","Standardization of the design and performance of flow measurement structures including methods and procedures relating to techniques for the evaluation, analysis, interpretation and presentation of data and related issues.",1984,ISO,actif,"Environnement & Développement durable"
"ISO/TC 113/SC 5","Instruments, équipement et gestion des données","Standardization of instruments, their performance, data management and related issues.",1981,ISO,actif,"Informatique & Technologies"
"ISO/TC 113/SC 6","Transport solide","Standardization of methods and procedures relating to techniques for the hydrometric determination of sediment discharge and transport in open channels, and related issues",1981,ISO,actif,Maritime
"ISO/TC 113/SC 8","Nappe superficielle","Standardization of procedures for direct measurement and related inferential method to assess ground water movement, availability, recharge, discharge and aquifer properties.",1993,ISO,actif,"Environnement & Développement durable"
"ISO/TC 115/SC 2","Méthodes de mesure et méthodes d'essai",,1980,ISO,actif,"Métrologie & Sciences"
"ISO/TC 118","Compresseurs, machines portatives pneumatiques, machines et équipements pneumatiques","Standardization in the field of: air compressors; compressors for the process, petroleum, chemical and gas industry services; pneumatic tools and machines; compressed air treatment technology; Excluded : pneumatic tool shanks and tool fitting dimensions, as they fall within the scope of ISO / TC 29.",1965,ISO,actif,"Industrie & Mécanique"
"ISO/TC 118/SC 1","Compresseurs de procédé","Standardization in the field of compressors for the process, petroleum, chemical and gas industry services. Note: Expander-compressor units are included.",1981,ISO,actif,"Industrie & Mécanique"
"ISO/TC 118/SC 6","Compresseurs à air et systèmes à air comprimé","Standardization in the field of air compressors and compressed air systems. Excluded are: air compressors used primarily in the process, petroleum, chemical and gas industry services, as they fall within the scope of ISO/TC 118/SC 1 Compressed air treatment technology, as they fall within the scope of ISO/TC 118/SC 4 NOTE: Compressors for use with gases other than air are included, providing that they are not intended to be used primarily in the process, petroleum, chemical and gas industry.",2003,ISO,actif,"Industrie & Mécanique"
"ISO/TC 119/SC 3","Échantillonnage et méthodes d'essais des matériaux métalliques frittés (à l'exclusion des métaux-durs)","This ISO subcommittee is responsible for the standardization, among other things, of requirements on materials, test of filter and magnetic properties, heat treatment, determination of strength, density, hardness and the level of cleanliness and measurement of surface roughness.",1981,ISO,actif,"Industrie & Mécanique"
"ISO/TC 121/SC 1","Appareils d’anesthésie et raccords associés","Standardisation of the particular requirements for basic safety and essential performance of medical devices and their accessories for dispensing, delivery and removal of medical and anaesthetic gases and vapours. This includes anaesthetic gas delivery systems, anaesthetic breathing systems and any related monitoring equipment, alarm systems and protection devices. It also covers the conveying of excess anaesthetic gases to an appropriate place of discharge.",1981,ISO,actif,"Santé & Médecine"
"ISO/TC 121/SC 2","Canules et équipement connexe","Standardisation of the particular requirements for basic safety and essential performance of medical devices and their accessories that connect to or are inserted into the airways of patients, including those devices that provide the interface between the patient and atmosphere or gas from a supply device. Examples include tracheal and tracheostomy tubes, supralaryngeal and oropharyngeal airways, laryngoscopes, connectors, breathing system tubing, respiratory therapy tubing, nebulizers, breat...",1981,ISO,actif,"Industrie & Mécanique"
"ISO/TC 121/SC 3","Appareils respiratoires et équipements connexes utilisés pour les soins aux patients","Standardisation of the particular requirements for basic safety and essential performance of medical devices and their accessories intended for ventilatory support, delivery of respiratory gases and related monitoring of patients. This includes dosing and conditioning of the gases supplied to or inhaled by the patient. These medical devices can be intended for use in specific, particular or defined healthcare environments, including home healthcare environments. These medical devices are gene...",1982,ISO,actif,"Industrie & Mécanique"
"ISO/TC 121/SC 4","Vocabulaire et sémantiques","Coordination of the establishment and maintenance of a standardized vocabulary of terms, definitions and their associated semantics for anaesthetic and respiratory equipment, so that they are used consistently across ISO/TC 121, Anaesthetic and respiratory equipment and its associated Subcommittees, Joint Working Groups and Working Groups. These vocabularies and associated semantics can include terminology for: standards development; human-device interface; labeling; communication of health i...",1981,ISO,actif,"Santé & Médecine"
"ISO/TC 121/SC 6","Systèmes d’alimentation en gaz médicaux","Standardisation of the particular requirements for basic safety and essential performance of systems that supply medical gas in healthcare, homecare, medical transport and emergency facilities including terminal unit outlets as well as their accessories and connected supply units. These systems include stationary, mobile and portable production, storage, and supply systems for medical gases and stationary vacuum supply systems such as: medical gas pipeline systems, vacuum and gas scavenging p...",1981,ISO,actif,Agroalimentaire
"ISO/TC 121/SC 8","Dispositifs d'aspiration","Standardisation of the particular requirements for basic safety and essential performance of suction devices that regulate the level of vacuum (negative) pressure applied to a patient undergoing medical or surgical treatment in healthcare, homecare, transport and field facilities. These include electrically and manually powered suction devices as well as those devices powered by a positive pressure gas source or central pipeline vacuum system. Also included are requirements for suction tubing...",1985,ISO,actif,"Santé & Médecine"
"ISO/TC 122/SC 4","Emballage et environnement","ISO/TC 122/SC 4 'Packaging and Environment' aims to develop ISO standards to harmonizeenvironmental aspects on packaging and packaging systems throughout the life cycle, including but not limited to: terminology and general requirements, optimization and source reduction, reuse, recycling, other recovery, recycled content, as well as identification and design.",2005,ISO,actif,"Environnement & Développement durable"
"ISO/TC 123","Paliers lisses","Standardization of plain bearings on the following items : classification, definitions and terminology; materials and characteristics; dimensions and tolerances; methods of tests and quality control, including methods of calculation.",1967,ISO,actif,"Industrie & Mécanique"
"ISO/TC 123/SC 3","Dimensions, tolérances et détails de construction","Standardization of dimensions, tolerances and construction details of plain bearings.",1981,ISO,actif,"Construction & BTP"
"ISO/TC 123/SC 5","Analyse et assurance de la qualité","Standardization of quality analysis and assurance of plain bearings.",1988,ISO,actif,"Services & Management"
"ISO/TC 127","Engins de terrassement","Standardization of nomenclature, use classification, ratings, technical requirements and test methods, safety requirements, operation, maintenance manual format for earth-moving and related machinery.",1968,ISO,actif,"Industrie & Mécanique"
"ISO/TC 127/SC 1","Méthodes d'essai relatives aux performances et à la sécurité des engins",,1981,ISO,actif,"Sécurité & Protection"
"ISO/TC 127/SC 2","Sécurité, ergonomie et exigences générales",,1980,ISO,actif,"Sécurité & Protection"
"ISO/TC 130","Technologie graphique","ISO/TC 130 addresses standardization in the field of printing and graphic technologies. This field covers all phases of the process, where graphic elements (image, text, line art, pattern and others) are created, manipulated, assembled, communicated, and finally delivered electronically as digital products or physically to substrates using inks, toners and other marking or functional materials, and finished as demanded by the end applications. ISO/TC 130 standards include but are not limited ...",1969,ISO,actif,"Industrie & Mécanique"
"ISO/TC 131","Transmissions hydrauliques et pneumatiques","Standardization in the field of fluid power systems and components, comprising terminology, construction, principal dimensions, safety requirements and testing and inspection methods. To include such components as : accumulators, compressed air dryers, conductors (rigid and flexible), cylinders, electro-hydraulic and electro-pneumatic components and systems, fittings, fluidic devices, hose fittings and assemblies, filters and separators, fluids, hydraulic pumps, motors, moving-part fluid- con...",1969,ISO,actif,"Industrie & Mécanique"
"ISO/TC 131/SC 1","Symboles, terminologie et classification","Standardization of the following basics of fluid power systems: symbols including circuit diagrams, including concepts for use in smart manufacturing terminology classification including product properties suitable for building a standardized semantics for use in smart manufacturing concepts.",1980,ISO,actif,"Services & Management"
"ISO/TC 131/SC 6","Contrôle de la contamination","Standardization in the field of contamination control, comprising terminology, safety requirements and testing and inspection methods.To include such applications as: Sampling, contamination analysis and reporting, filter, and separator evaluation.",1982,ISO,actif,"Industrie & Mécanique"
"ISO/TC 131/SC 9","Installations et ensembles","Standardization covering the application, design, safety, construction, installation, performance assessment, operation, control, maintenance, and energy efficiency of fluid power systems.",1980,ISO,actif,"Industrie & Mécanique"
"ISO/TC 133","Systèmes de tailles des vêtements  - désignation des tailles, méthodes de mesure des tailles et essayage virtuel","Standardization of a system of size designations resulting from the establishment of one or more sizing systems for clothes based on size designation, body size measurement methods for clothing and for digital garment fitting.",1969,ISO,actif,"Industrie & Mécanique"
"ISO/TC 135","Essais non destructifs","Standardization covering non-destructive testing as applied generally to constructional materials, components and assemblies, by means of: glossary of terms; methods of test; performance specifications for testing equipment and ancillary apparatus. Excluded: quality levels; specifications for electrical equipment and apparatus, which fall within the range of IEC Committees.",1969,ISO,actif,"Métrologie & Sciences"
"ISO/TC 136",Ameublement,"Standardization in the field of furniture including: terms and definitions; performance, safety and dimensional requirements; requirements for specific components (such as hardware); test methods. By furniture is meant free-standing or built-in units which are used for storing, lying, sitting, working and eating. Excluded: such units with corresponding functions that are dealt with by other ISO technical committees.",1969,ISO,actif,"Industrie & Mécanique"
"ISO/TC 145","Symboles graphiques et pictogrammes","Standardization in the field of graphical symbols as well as of colours and shapes, whenever these elements form part of the message that a symbol is intended to convey, e.g. a safety sign. Establishing principles for preparation, coordination and application of graphical symbols. General responsibility for the review and the coordination of those already existing, those under study, and those to be established. The standardization of new graphical symbols, when requested by a technical commi...",1970,ISO,actif,"Services & Management"
"ISO/TC 145/SC 2","Identification de sécurité, signaux, formes, symboles et couleurs","Standardization of safety identification, signs, shapes, symbols, colours and related subjects with the purpose of providing a complete information system",1984,ISO,actif,"Sécurité & Protection"
"ISO/TC 146","Qualité de l'air","Standardization of tools for air quality characterisation of emissions, workspace air, ambient air, indoor air, in particular measurement methods for air pollutants (particles, gases, odours, micro-organisms) and for meteorological parameters, measurement planning, procedures for Quality Assurance/Quality Control (QA/QC) and methods for the evaluation of results including the determination of uncertainty. Excluded : the establishment of limit values for air pollutants; the air quality in clea...",1971,ISO,actif,"Environnement & Développement durable"
"ISO/TC 146/SC 1","Émissions de sources fixes","Elaboration of standards in the field of emission of stationary sources excluding the establishment of limit values. The standards are used as references in legislation, in showing compliance with requirements, both in legal and industrial applications, in showing performance of abatement equipment.",1981,ISO,actif,"Énergie & Ressources"
"ISO/TC 146/SC 2","Atmosphères des lieux de travail","Elaboration of standards in the field of workplace atmospheres excluding the establishment of limit values. The standards are used as references in promulgated health standards, by practitioners of occupational/industrial hygiene in workplace monitoring for compliance purposes and for health outcomes, by sampling hardware manufacturers in design and required performance of said hardware, and by researchers in the field of occupational health and industrial hygiene.",1980,ISO,actif,"Environnement & Développement durable"
"ISO/TC 146/SC 3","Atmosphères ambiantes","Elaboration of standards in the field of ambient atmospheres excluding the establishment of limit values. The standards are used to determine components of ambient atmospheres that may arise from human activities or occur naturally. These standards are used in legislation, by reference, to determine compliance with limit or reference values, by public or private entities to determine the current components of ambient atmospheres, and in research on the composition, fate, and transport of cons...",1982,ISO,actif,"Environnement & Développement durable"
"ISO/TC 146/SC 4","Aspects généraux","Consideration and standardization of any matters within the scope of ISO/TC 146 which are not exclusively within the scope of SC 1, SC 2, SC 3, SC 5 or SC 6 and of common interest. The basic responsibilities include terminology, planning of air quality measurements, definition of performance characteristics of air quality measuring methods, statistical analysis of air quality data, determination measurement uncertainty of air quality data, assessment of performance of air quality measuring me...",1978,ISO,actif,"Environnement & Développement durable"
"ISO/TC 146/SC 5",Météorologie,"Elaboration of standards in the field of meteorological measurements and analyses that are focused on, but not limited to, air quality programs. The meteorological standards may include identifying: Definitions of terms that may be specific to meteorological applications; Sensor and system performance characteristics, with suitable values established for applications related to air quality programs; Test methods acceptable to establish and verify instrument performance; Tests suitable for the...",1994,ISO,actif,"Environnement & Développement durable"
"ISO/TC 146/SC 6","Air intérieur","Standardization of any matters within the scope of ISO/TC 146 dealing with indoor air. This comprises gases, particles, odours, micro-organisms, and emissions from furnishing. The indoor environment is defined as follows: Dwellings, having living rooms, bedrooms, DIY(do-it-yourself) rooms, recreation rooms and cellars, kitchens, and bathrooms; workrooms or work places in buildings which are not subject to health and safety inspections in regard to air pollutants (for example offices, sales pr...",1994,ISO,actif,"Environnement & Développement durable"
"ISO/TC 147","Qualité de l'eau","Standardization in the field of water quality, including definition of terms, sampling of waters, measurement and reporting of chemical, radiological, microbiological, biological and ecological water characteristics. Excluded : limits of acceptability The measurement of water characteristics includes physical, chemical, biochemical, biological, radiological and microbiological measurements.In chemistry, both so-called operationally-defined parameters (parameters defined by the method, such as...",1971,ISO,actif,"Environnement & Développement durable"
"ISO/TC 147/SC 1",Terminologie,"Standardization of terminology in the field of water quality to provide clear and unambiguous understanding of technical terms related to water analysis and characterization including regular updating within standards drafted by ISO/TC 147.",1980,ISO,actif,"Services & Management"
"ISO/TC 147/SC 3","Mesurages de la radioactivité","Standardization of analytical methods to measure radiochemical parameters in water samples.",2005,ISO,actif,"Environnement & Développement durable"
"ISO/TC 147/SC 5","Méthodes biologiques","Standardization of methods to determine toxicity and biodegradability of substances and ecological assessment for water quality monitoring and management of surface water (rivers, streams, lakes, reservoirs, marine water), groundwater, wastewater, precipitation as well as sediments and biota of aquatic systems.",1980,ISO,actif,"Environnement & Développement durable"
"ISO/TC 147/SC 6","Échantillonnage (méthodes générales)","Standardization of methods for collection, storage and preservation of water samples for use in accordance with the standardized methods drafted by ISO/TC 147. SC 6 specifies requirements for collection, storage and preservation of water samples from different water sources, as well as developing protocols for sampling programme design and management.",1982,ISO,actif,"Métrologie & Sciences"
"ISO/TC 148","Machines à coudre","Standardization concerning classification, terminology, safety, performance and test methods for sewing machines.",1971,ISO,actif,"Industrie & Mécanique"
"ISO/TC 149",Cycles,"Standardization in the field of cycles and their functions, their components and accessories with particular reference to terminology, testing methods and requirements for performance, safety, interchangeability and maintenance. Excluded : chains and tooth profile; classifications, size designations, dimensions and identification of tyres, rims and valves covered by ISO/TC 31 toy cycles. Note: 'Cycle' means any vehicle which has at least two wheels and is propelled purely or partially by the ...",1971,ISO,actif,"Automobile & Transports"
"ISO/TC 149/SC 1","Cycles et leurs principaux sous-ensembles","Development of standards in the field of Cycles and major sub-assemblies within the scope of ISO/TC 149. Excluded:Vehicles where the muscular energy of the rider is transmitted solely by other than mechanical transmission are excluded.",1983,ISO,actif,"Automobile & Transports"
"ISO/TC 150/SC 6","Implants actifs","Standardization of active implantable medical devices that rely for their functioning on a source of energy or any source of power other than that directly generated by the human body or gravity.",1998,ISO,actif,"Santé & Médecine"
"ISO/TC 150/SC 7","Produits médicaux issus de l'ingéniérie tissulaire","Standardization of general requirements and performance of tissue engineered medical products with the exclusion of gene therapy, transplantation and transfusion.",2007,ISO,actif,"Santé & Médecine"
"ISO/TC 153",Robinetterie,"Standardization in the field of industrial valves, valve actuators including their attachments, and steam traps. The standardization to include parameters covering interchangeability, valve mating details for actuator mounting, testing, marking, quality requirements, terminology and other relevant parameters. Excluded : safety and relief valves and other pressure relief devices which are the responsibility of ISO / TC 185; production valves for wellhead equipment and valves for cross country ...",1971,ISO,actif,"Industrie & Mécanique"
"ISO/TC 154","Processus, éléments d'informations et documents dans le commerce, l'industrie et l'administration","International standardization and registration of business, and administration processes and supporting data used for information interchange between and within individual organizations and support for standardization activities in the field of industrial data. Development and maintenance of application specific meta standards for: process specification (in the absence of development by other technical committees); data specification with content; forms-layout (paper / electronic). Developmen...",1972,ISO,actif,"Services & Management"
"ISO/TC 156/SC 1","Ingénierie du contrôle de la corrosion au cours du cycle de vie","The standardization of the corrosion control engineering life cycle, including the terms and definitions, general requirements, and evaluation of the corrosion control engineering life cycle. The engineering life cycle is defined as a system view of the structure to be protected from corrosion that includes the initial design and development based on material selection and protective measures through the construction, inspection, assessment, maintenance, and decommissioning at the end of life...",2016,ISO,actif,"Environnement & Développement durable"
"ISO/TC 159",Ergonomie,"Standardization in the field of ergonomics/human factors, in particular, general ergonomics principles, anthropometry and biomechanics, ergonomics of human system interaction and ergonomics of the physical environment, addressing human characteristics and performance, and methods for specifying, designing and evaluating products, systems, services, environments and facilities Excluded: Standardization of purely technical matters not related to human characteristics and abilities NOTE: Standar...",1974,ISO,actif,"Sécurité & Protection"
"ISO/TC 159/SC 1","Principes généraux d'ergonomie","Standardization in the field of ergonomics/human factors for the design and evaluation of consumer products and work systems, including tasks, jobs, tools, equipment, organizations, services, facilities and environments, in order to make them compatible with the characteristics, the needs and values, and the abilities and limitations of people. This Sub-Committee addresses ergonomics principles and processes. These are based on human factors and ergonomics knowledge and experience and are aim...",1981,ISO,actif,"Sécurité & Protection"
"ISO/TC 159/SC 3","Anthropométrie et biomécanique","Standardization in the field of ergonomics/human factors for anthropometry and biomechanics,including measurement methods for the human body, evaluation methods for working postures, physical performance and strength, and the ergonomic procedures needed to apply them. Recommendations are made for terminology, methodology and the collection of ergonomics/human factors data for the purpose of realizing human safety, health and wellbeing, as well as increasingwork efficiency and usability.",1983,ISO,actif,"Industrie & Mécanique"
"ISO/TC 159/SC 4","Ergonomie de l'interaction homme/système","Standardization in the field of ergonomics/human factors, in particular the interaction between and within systems (often computer-based) and the people (who use, operate, and are affected by them as well as those who develop, manufacture, evaluate, install and maintain them). Areas of standardization include: hardware ergonomics (including input, display, and interactive devices), software ergonomics (including interaction and interface design), ergonomics of the context of use (including ta...",1983,ISO,actif,"Sécurité & Protection"
"ISO/TC 159/SC 5","Ergonomie de l'environnement physique","Standardization in the field of ergonomics/human factors for the physical environment including thehuman response to the environment (e.g. thermal, visual, vibration, noise and air quality) and effects ofthe environment (in terms of health and safety, comfort and human performance) on the user and thedesign of systems. Areas of standardization comprise thermal environments, vision and lighting, danger signals andcommunication in noisy environments, people with special requirements, surface te...",1981,ISO,actif,"Environnement & Développement durable"
"ISO/TC 161","Dispositifs de commande et de protection pour les brûleurs et appareils fonctionnant au gaz et/ou au fioul","Standardization of safety, construction, performance and testing requirements for controls and protective devices using gaseous and liquid fuels. This includes: Controls for use in burners and appliances for residential, commercial and industrialapplications, like: automatic and semi-automatic shut-off valves; pressure regulators; valve-proving systems for automatic shut-off valves; manual gas valves; thermoelectric flame supervision controls; multifunctional controls; mechanical gas thermost...",1974,ISO,actif,"Industrie & Mécanique"
"ISO/TC 162","Portes, fenêtres et façades-rideaux","Standardization in the field of doors, doorsets, windows, and curtain wall including hardware, manufactured from any suitable material covering the specific performance requirements, terminology, manufacturing sizes and dimensions, and methods of test. Excluded : The responsibility for dimensional coordination with other parts of buildings and general performance requirements derived from buildings as a whole, which devolves upon ISO/TC 59.",1975,ISO,actif,Maritime
"ISO/TC 163","Performance thermique et utilisation de l'énergie en environnement bâti","Standardization in the field of building and civil engineering works of thermal and hygrothermal performance of materials, products, components, elements and systems, including complete buildings, both new and existing, and their interaction with technical building systems; of thermal insulation materials, products and systems for building and industrial application, including insulation of installed equipment in buildings; covering and including: test and calculation methods for heat and moi...",1975,ISO,actif,"Environnement & Développement durable"
"ISO/TC 163/SC 1","Méthodes d'essais et de mesurage","Standardization of test methods in the field of thermal insulation materials, building elements, components, constructions and systems.",1980,ISO,actif,"Métrologie & Sciences"
"ISO/TC 163/SC 2","Méthodes de calcul","Standardization of calculation methods in the field of thermal and hygrothermal performance of materials, products, components, elements and systems, and the thermal, hygrothermal and energy performance of whole buildings, both new and existing, including their interaction with the technical building systems.",1980,ISO,actif,"Construction & BTP"
"ISO/TC 163/SC 3","Produits, composants et systèmes d'isolation thermique","Standardization and specification of thermal insulating products, components and installed systems for application in buildings, including insulation for equipment, and industrial insulation, covering and including: specification of required properties specification of specific test methods for products, components and systems (communicating with SC1, which has responsibility for horizontal test methods) specification and proof of conformity marking and labelling of insulating materials, comp...",1980,ISO,actif,"Construction & BTP"
"ISO/TC 163/SC 5","Matériaux de construction non structurels d'origine biologique",,2026,ISO,actif,"Construction & BTP"
"ISO/TC 164","Essais mécaniques des métaux","Standardization of methods for mechanical testing, including the verification and calibration of equipment, that are used to determine the properties of metallic materials. Excluded : the responsibility for application of the method and for the results obtained. Note: This does not preclude product committees from developing tests appropriate to their specific materials.",1975,ISO,actif,"Industrie & Mécanique"
"ISO/TC 164/SC 1","Essais uniaxiaux","Standardization of methods for the determination of properties and characteristics of metallic materials in uniaxial non-cyclical tension or compression, including the calibration and verification of measuring systems",1981,ISO,actif,"Métrologie & Sciences"
"ISO/TC 164/SC 2","Essais de ductilité","Standardization of methods for the assessment of ductility and formability of metallic materials and products, including the calibration and verification of specialized measuring systems",1981,ISO,actif,"Métrologie & Sciences"
"ISO/TC 164/SC 3","Essais de dureté","Standardization in the field of indentation testing; specifying different indentation test methods, primarily for metals testing, at length scales ranging from nano to macro. Methods include the measurement of Brinell, Knoop, Leeb, Rockwell and Vickers hardness and also Instrumented Indentation Testing (at ambient and elevated temperatures) for hardness and materials parameters including indentation elastic modulus (both quasi-static and dynamic), indentation creep, elastic and plastic work o...",1981,ISO,actif,"Métrologie & Sciences"
"ISO/TC 167","Structures en acier et en aluminium","Standardization in the field of structural use of steel and alloys of aluminium as applied in building, civil engineering and related structures. The standards shall comprise the requirements for the design, fabrication and erection of steel and aluminium structures, together with materials, structural components and connections.",1977,ISO,actif,"Industrie & Mécanique"
"ISO/TC 168","Prothèses et orthèses","Standardization in the field of prosthetics and orthotics, covering such aspects as performance, safety, environmental factors, interchangeability, etc. Temporary and permanent procedures and devices are included. Priority is given to standards on prostheses (artificial limbs and auxiliary equipment).",1977,ISO,actif,"Santé & Médecine"
"ISO/TC 171","Applications en gestion des documents","Standardization of technologies and processes involving capture, indexing, storage, retrieval, distribution and communication, presentation, migration, exchange, preservation, integrity maintenance and disposal in the field of document management applications. Documents may be managed in micrographic or electronic form. This includes: quality control and integrity maintenance; input/output quality of documents (micrographic or electronic) implementation, inspection and quality control procedu...",1978,ISO,actif,"Services & Management"
"ISO/TC 171/SC 1","Qualité, préservation et intégrité de l'information","• Control processes • Quality of input and output • Production control, statistical evaluations • Physical aspects of storage and preservation (short and long term) • Operating equipment • Evaluation of characteristics of use • Qualification of processes • Terminology – Vocabulary • Integrity of information",1994,ISO,actif,"Services & Management"
"ISO/TC 172/SC 1","Normes fondamentales","Standardization of terminology, requirements and test methods which apply to the whole field of ISO/TC 172, such as general optical test methods, drawing specifications, environmental test methods and data transfer and codification.",1986,ISO,actif,"Métrologie & Sciences"
"ISO/TC 172/SC 4","Systèmes télescopiques","Standardization of terminology, requirements and test methods for optical systems used for direct viewing distant objects. This includes monocular and binocular telescopic systems supported by hand or tripod, telescopic sights that are mounted on firearms and amateur astronomical telescopes. Telescopic systems containing integral light sources, displays and electronic detectors sensors, including amplifying detectors, image sensors and microprocessor control of these systems are included as w...",1992,ISO,actif,"Métrologie & Sciences"
"ISO/TC 172/SC 9","Lasers et systèmes électro-optiques","Standardization of terminology, requirements, interfaces, test methods and test instruments for lasers, optical components intended for use with lasers as well as for laser accessories and laser-oriented equipment. Excluded are horizontal laser safety standards. Standardization of electro-optical systems is included, too, in the scope of SC 9 until that field is covered by a specific sub-committee of TC 172.",1985,ISO,actif,"Métrologie & Sciences"
"ISO/TC 173","Produits d’assistance","Standardization in the field of assistive products and related services to assist a person in compensating for reduced abilities. Excluded: Assistive products that are dealt with by other technical committees and systems committees such as access to means of transport (ISO/TCs 8, 20, 22), building construction (ISO/TC 59), furniture (ISO/TC 136), implants for surgery (ISO/TC 150), prosthetics and orthotics (ISO/TC 168), optics and photonics (ISO/TC 172), electrical safety (IEC/TC 62), hearing...",1978,ISO,actif,"Santé & Médecine"
"ISO/TC 173/SC 7","Appareils et accessoires fonctionnels pour personnes présentant une déficience des fonctions sensorielles","Standardization of assistive products to assist persons with impaired sensory functions for facilitating activities and social participation. Excluded: Assistive products that are dealt with by other technical committees such as access to means of transport (ISO/TCs 8, 20, 22), building construction (ISO/TC 59), furniture (ISO/TC 136), implants for surgery (ISO/TC 150), prosthetics and orthotics (ISO/TC 168), ophthalmic optics (ISO/TC 172), electrical safety (IEC/TC 62), hearing aids (IEC/TC ...",2010,ISO,actif,Agroalimentaire
"ISO/TC 176","Management et assurance de la qualité","Standardization in the field of quality management (generic quality management systems and supporting technologies), as well as quality management standardization in specific sectors at the request of the affected sector and the ISO Technical Management Board. Note : ISO/TC 176 is also entrusted with an advisory function to all ISO and IEC technical committees to ensure the integrity of the generic quality system standards and the effective implementation of the ISO/IEC sector policy on quali...",1979,ISO,actif,"Services & Management"
"ISO/TC 176/SC 1","Concepts et terminologie","Terminology support for the ISO/TC 176 family of standards, harmonization of concepts, terms, definitions and definitions with other TCs and management system standards (MSS).",1982,ISO,actif,"Services & Management"
"ISO/TC 176/SC 2","Systèmes qualité","Standardization in the field of quality management and quality assurance, as well as documents that support excellence in all types of organizations.",1982,ISO,actif,"Services & Management"
"ISO/TC 176/SC 3","Techniques de soutien","Standardization that support specific components in excellence in all types of organizations in the field of quality management and quality assurance.",1989,ISO,actif,"Services & Management"
"ISO/TC 178","Ascenseurs, escaliers mécaniques et trottoirs roulants","Standardization of all aspects, including safety, of lifts, service lifts, escalators, passenger conveyors and similar apparatus. Excluded : continuous mechanical handling equipment and lifts in mines.",1979,ISO,actif,"Industrie & Mécanique"
"ISO/TC 180","Énergie solaire","Standardization in the field of solar energy utilization in space and water heating, cooling, industrial process heating and air conditioning.This includes developing standards on theinstrumentation and procedures used for measuring solar energy and solar measurement.",1980,ISO,actif,"Environnement & Développement durable"
"ISO/TC 180/SC 1","Climat - Mesure et données","Standardization of radiometric instrumentation, procedures for calibration, measurement and modelling practices of solar radiation for various applications such as weather, climate, solar energy, space and water heating, cooling, industrial process heating and air conditioning.",1981,ISO,actif,"Informatique & Technologies"
"ISO/TC 181","Sécurité des jouets","Standardization of toys with respect to safety relating to their mechanical, physical, chemical and flammable properties. Excluded: all electrical aspects which are dealt with by IEC.",1980,ISO,actif,"Sécurité & Protection"
"ISO/TC 182",Géotechnique,"Standardization of geotechnical aspects in the field of building and civil engineering, including (related) properties of soil and rock.",1981,ISO,actif,"Construction & BTP"
"ISO/TC 184","Systèmes d'automatisation et intégration","Standardization in the field of automation systems and their integration for design, sourcing, manufacturing, production and delivery, support, maintenance and disposal of products and their associated services. Areas of standardization include information systems, automation and control systems and integration technologies. Note: There will be active collaboration with the relevant technical committees responsible for areas such as machines, manufacturing resources and facilities, robotics, ...",1983,ISO,actif,"Informatique & Technologies"
"ISO/TC 184/SC 4","Données industrielles",,1984,ISO,actif,"Informatique & Technologies"
"ISO/TC 185","Dispositifs de sûreté pour la protection contre les excès de pression","Standardization in the field of safety devices for protection against excessive internal and external pressure. Excluded: valves predominantly made of plastics which are the responsibility of ISO / TC 138; components intended for use primarily in fluid power systems which are the responsibility of ISO / TC 131.",1983,ISO,actif,"Industrie & Mécanique"
"ISO/TC 188","Petits navires","Standardization of equipment and construction details of recreational craft, and other small craft using similar equipment, up to 24 metres length of the hull. Excluded: lifeboats and lifesaving equipment covered by ISO / TC 8.",1984,ISO,actif,Maritime
"ISO/TC 188/SC 1","Équipements de sécurité individuels","Standardization of test methods and requirements relevant to personal safety equipment used on small craft. This includes personal floating devices (PFD) and immersion suits but excludeslife rafts",2010,ISO,actif,"Industrie & Mécanique"
"ISO/TC 190","Qualité du sol","Standardization in the field of soil quality Soils in situ; Soil materials intended for reuse in or on soils, including dredged sub-aquatic soil materials (= excavated sediments). Excluded: Threshold or limit values for the assessment of soil quality; Civil engineering aspects (are dealt with by ISO/ TC 182 'Geotechnics'); In situ sediments (are dealt with by ISO/TC 147 'Water quality').",1985,ISO,actif,"Environnement & Développement durable"
"ISO/TC 190/SC 4","Caractérisation biologique","Standardization of biological methods for in situ and ex situ characterization and assessment of soil and other solid materials, from agricultural land, forest, as well as urban and contaminated areas. This includes ecotoxicity, effects on biodiversity of soil living organisms, soil fauna, flora and microorganisms as well as the way of interpreting results for hazard and risk assessment purposes.",1987,ISO,actif,"Environnement & Développement durable"
"ISO/TC 190/SC 7","Évaluation des impacts","Standardization of methods to characterize impact assessment on soil and other solid materials at agricultural land as well as contaminated areas. This includes investigations in agricultural, urban, industrial and other land use forms and can include human exposure, transfer and mobility of compounds (e. g. leaching tests) to the environment and assessment of contaminated sites. Included in the scope are standards for sampling.",1994,ISO,actif,"Métrologie & Sciences"
"ISO/TC 192","Turbines à gaz","Standardization in the field of all aspects of gas turbine design, application, safety, installation, operation and maintenance, including simple turbine cycles, combined cycle systems, definitions, procurement, acceptance, performance, environment (on the gas turbine itself and the external environment) and methods of test. The standardization considers the gas turbines are implemented in support of the renewable “landscape”, to compensate for the fluctuations of renewable energy productions...",1988,ISO,actif,"Industrie & Mécanique"
"ISO/TC 193","Gaz naturel","Standardization of terminology, quality specifications, methods of measurement, sampling, analysis and testing, including thermophysical property calculation and measurement, for: natural gas natural gas substitutes mixtures of natural gas with gaseous fuels (such as unconventional gases and renewable gases), and wet gas in all its facets from production to delivery to all possible end users across national boundaries. Standardization of methods of analysis of Liquefied Natural Gas (LNG). Rec...",1988,ISO,actif,"Énergie & Ressources"
"ISO/TC 193/SC 3","Zone amont","Standardization of sampling, analysis, testing, measurement technologies, calculation and allocation of natural gas and related medium (solid, liquid, other gases and their mixtures) in the process of natural gas exploration, development and production.",1999,ISO,actif,"Énergie & Ressources"
"ISO/TC 194","Évaluation biologique et clinique des dispositifs médicaux","Standardization of the approach to biological and clinical evaluation of medical and dental materials and devices together with standardization of biological test methods applicable to those materials and devices as well as good clinical practice principles to clinical investigations in humans of those devices.",1988,ISO,actif,"Métrologie & Sciences"
"ISO/TC 195","Machines et matériels pour la construction des bâtiments","Standardization in the field of Machines and equipment used on construction sites, including: concrete machines (e.g. batcher, mixer, pump, sprayer, transport, vibrator, floating) foundation machines (e.g. piling, diaphragm walling, earth boring, jetting, grouting, drill rigsfor soil and rock mixture) aggregate processing machines (e.g. screening, crushing) road construction and maintenance machines and equipment tunnel boring machines (TBMs) and associated machines and equipment [e.g. shield...",1989,ISO,actif,"Industrie & Mécanique"
"ISO/TC 195/SC 1","Machines et équipements pour la mise en oeuvre du béton","Standardization in the field of concrete machinery and equipment. Examples are: batching plants concrete mixers concrete pumps and concrete spraying machines internal and external vibrators for concrete floating machines formworks machinery for reinforcement work. used on construction sites, concerning, e.g. nomenclature application classification ratings technical requirements test methods safety requirements. Excludes: equipment within scope of ISO/TC 82, TC 96, TC 127, TC 214 and TC 59.",2005,ISO,actif,"Industrie & Mécanique"
"ISO/TC 195/SC 2","Machines d'exploitation des routes et matériel associé","Standardisation in the field of road-operation machinery, equipment and products including: applications; environmental; nomenclature; classification; interfaces and couplings (mechanical, electrical, pneumatic, hydraulic); ratings; performance requirements; test methods; safety and ergonomic requirements. Excluding: lawn and garden equipment (dealt by ISO/TC 23/SC 13); machines for the maintenance of sports grounds; machines for harvesting and conservation (dealt by ISO/TC 23/SC 7); machines...",2018,ISO,actif,"Industrie & Mécanique"
"ISO/TC 195/SC 3","Machines et équipements de forage et de fondation","Standardization in the field of drilling and foundation machinery and equipment (e.g. piling, diaphragm walling, earth boring, jetting, grouting, drill rigs for soil and rock mixture) used on construction sites, concerning, e.g. nomenclature application classification ratings technical requirements test methods safety requirements. Excludes: equipment for the extraction of solid mineral substances [e.g. road headers,continuous miners, rock drill rigs, raise boring machines, high wall miners, ...",2018,ISO,actif,"Industrie & Mécanique"
"ISO/TC 197","Technologies de l'hydrogène","Standardization in the field of systems and devices for the production, storage, transport, measurement and use of hydrogen.",1990,ISO,actif,"Énergie & Ressources"
"ISO/TC 197/SC 1","Hydrogène à grande échelle dans un système énergétique intégré","Standardization of large scale hydrogen energy systems and applications including aspects of testing, certification, sustainability and placement, and coordination with other relevant standardization bodies and stakeholders.",2022,ISO,actif,"Énergie & Ressources"
"ISO/TC 198","Stérilisation des produits de santé","Standardization of processes and equipment for sterilization of health care products.",1990,ISO,actif,"Santé & Médecine"
"ISO/TC 199","Sécurité des machines","Standardization of basic concepts and general principles for safety of machinery incorporating terminology, methodology, guards and safety devices within the framework of ISO / IEC Guide 51 and in cooperation with other ISO and IEC technical committees. Excluded: product safety standards, as defined in ISO / IEC Guide 51, and which are explicitly covered by the work of other ISO or IEC technical committees.",1991,ISO,actif,"Industrie & Mécanique"
"ISO/TC 201","Analyse chimique des surfaces","Standardization in the field of surface chemical analysis. Surface chemical analysis includes analytical techniques in which beams of electrons, ions, neutral atoms or molecules, or photons are incident on the specimen material and scattered or emitted electrons, ions, neutral atoms or molecules, or photons are detected. It also includes techniques in which probes are scanned over the surface and surface-related signals are detected. Excluded: Scanning electron microscopy which is within the ...",1991,ISO,actif,"Métrologie & Sciences"
"ISO/TC 201/SC 3","Gestion et traitement des données","Standardization of the design of data bases, for the transfer of data between instruments, and for specifying the properties of algorithms used for surface chemical analysis.",1993,ISO,actif,"Informatique & Technologies"
"ISO/TC 201/SC 4","Profilage d'épaisseur","Standardization of methods for instrument specification, instrument calibration, instrument operation, data acquisition, and data processing used to determine composition versus depth with surface analytical techniques.",1993,ISO,actif,"Métrologie & Sciences"
"ISO/TC 201/SC 6","Spectrométrie de masse","Standardization of methods for instrument specification, instrument calibration, instrument operation, data acquisition, data processing, qualitative analysis, and quantitative analysis in the use of mass spectrometry for surface chemical analysis; including but not limited to secondary ion mass spectrometry, matrix assisted laser desorption ionisation mass spectrometry, ambient mass spectrometry, and atom probe tomography. Excluded: Glow discharge mass spectrometry which is within the scope ...",1993,ISO,actif,"Métrologie & Sciences"
"ISO/TC 201/SC 7","Spectroscopies d'électrons","Standardization of methods for instrument specification, instrument calibration, instrument operation, data acquisition, data processing, qualitative analysis and quantitative analysis in the use of electron spectroscopy with electron and photon sources for surface chemical analysis.",1993,ISO,actif,"Métrologie & Sciences"
"ISO/TC 201/SC 8","Spectroscopie à décharge lumineuse","Standardization of methods for instrument specification, instrument operation, data acquisition, data processing, qualitative analysis, and quantitative analysis in the use of glow discharge optical emission spectroscopy and glow discharge mass spectrometry for surface chemical analysis.",1998,ISO,actif,"Métrologie & Sciences"
"ISO/TC 201/SC 9","Microscopie par sonde à balayage","Standardization of methods for instrument specification, instrument calibration, instrument operation, data acquisition, data processing, qualitative analysis, and quantitative analysis in the use of scanning probe microscopy for surface chemical analysis.",2004,ISO,actif,"Métrologie & Sciences"
"ISO/TC 201/SC 10","Analyse par réflectométrie de rayons X et par fluorescence de rayons X","Standardization of methods for instrument specification, instrument calibration, instrument operation, data acquisition, data processing, and data analysis in the use of X-ray Reflectometry (XRR) and X-ray Fluorescence (XRF) Analysis for surface chemical and structural analysis.",2016,ISO,actif,"Métrologie & Sciences"
"ISO/TC 202","Analyse par microfaisceaux","Standardization in the field of microbeam analysis (measurement, parameters, methods and reference materials) which uses electrons as an incident beam and electrons or photons as the detection signal. The use of ions for sample preparation and analysis in an electron microscope is also included, with the exception of techniques which use mass-filtered ions as the detected species. Excluded: Surface analysis techniques which come under the remit of ISO/TC 201. Note: The purpose is to analyze t...",1991,ISO,actif,"Métrologie & Sciences"
"ISO/TC 204","Systèmes de transport intelligents","Standardization of information, communication and control systems in the field of urban and rural surface transportation, including intermodal and multimodal aspects thereof, traveller information, traffic management, public transport, commercial transport, emergency services and commercial services in the intelligent transport systems (ITS) field. Excluded: in-vehicle transport information and control systems (ISO / TC 22). Note: ISO / TC 204 is responsible for the overall system aspects and...",1992,ISO,actif,Maritime
"ISO/TC 205","Conception de l'environnement intérieur des bâtiments","Standardization in the design of new buildings and retrofit of existing buildings for acceptable indoor environment and practicable energy conservation and efficiency. Building environment design addresses the technical building systems and related architectural aspects, and includes the related design processes, design methods, design outcomes, and design-phase building commissioning. Indoor environment includes air quality, and thermal, acoustic, and visual factors. Covering and including: ...",1992,ISO,actif,"Environnement & Développement durable"
"ISO/TC 207","Management environnemental","Standardization in the field of environmental management to address environmental and climate impacts, including related social and economic aspects, in support of sustainable development. Excluded: test methods of pollutants, setting limit values and levels of environmental performance, and standardization of products. Note 1: TC 207 is focused on environmental management systems, auditing, verification/validation and related investigations, environmental labelling, environmental performance...",1993,ISO,actif,"Environnement & Développement durable"
"ISO/TC 207/SC 1","Systèmes de management environnemental","Standardization in the field of environmental management systems to support the achievement of sustainability.",1993,ISO,actif,"Environnement & Développement durable"
"ISO/TC 207/SC 2","Audit d'environnement et investigations environnementales associées","Standardization in the field of environmental auditing and related practices, in support of sustainable development. Note 1. Environmental auditing related practices include, for example, EMS auditing, environmental due diligence, environmental risk assessment, verification and validation of environmental information, such as environmental claims and declaration, environmental reporting, etc. Note 2. Aiming at a consistent approach with conformity assessment, SC 2 aims to foster collaboration...",1993,ISO,actif,"Environnement & Développement durable"
"ISO/TC 207/SC 3","Étiquetage environnemental","Standardization in the field of communication on environmental aspects of products (i.e. goods and services), including related social and economic aspects. Such communication includes various types of an environmental statement (e.g. self-declared claims, ecolabelling, environmental product declarations and environmental footprints) and their associated programmes.",1993,ISO,actif,"Environnement & Développement durable"
"ISO/TC 207/SC 4","Évaluation de la performance environnementale","Standardization in the field of environmental performance evaluation in support of sustainability",1993,ISO,actif,"Environnement & Développement durable"
"ISO/TC 207/SC 5","Evaluation du cycle de vie","Standardization in the field of life cycle assessment and related management systems and tools for products* and the product portfolio of organizations, including related environmental, social, and economic aspects, in support of sustainable development. It includes life cycle based environmental, social, economic, and technical assessments. Such assessments can apply to e.g. circularity of resources and eco-efficiency.The outcome of the assessment provides input for decision making to minimi...",1993,ISO,actif,"Environnement & Développement durable"
"ISO/TC 207/SC 7","Gestion des gaz à effet de serre et du changement climatique et activités associées","Standardization to manage GHG emissions, as well as to adapt to the effects of climate change in support of sustainability",2007,ISO,actif,"Énergie & Ressources"
"ISO/TC 209","Salles propres et environnements maîtrisés apparentés","Standardization for cleanrooms and associated controlled environments for controlling cleanliness, as well as other attributes and characteristics, relating to facilities, sustainability, equipment, processes and operations.",1993,ISO,actif,"Environnement & Développement durable"
"ISO/TC 210","Management de la qualité et aspects généraux correspondants des dispositifs médicaux","Standardization of requirements and guidance in the field of quality management and corresponding general aspects, for products with a health purpose, including connectors for liquid and gases. Excluded: generic quality management standards dealt with by ISO / TC 176; quality management standards for pharmaceutical products and healthcare services; Note: Products with a health purpose include products for use in relation to health, including medical devices, adjacent products [or could also s...",1994,ISO,actif,"Services & Management"
"ISO/TC 211","Information géographique/Géomatique","Standardization in the field of digital geographic information. This work aims to establish a structured set of standards for information concerning objects or phenomena that are directly or indirectly associated with a location relative to the Earth. Within the scope of geographic information, these standards may specify methods, tools, and services for data management. Data management is understood to include acquiring, processing, analyzing, accessing, presenting, and publishing data for u...",1994,ISO,actif,"Informatique & Technologies"
"ISO/TC 212","Laboratoires médicaux et systèmes de diagnostic in vitro","Standardization and guidance in the field of medical laboratories and in vitro diagnostic systems. This includes, for example, quality management, pre- and postanalytical procedures, analytical performance, laboratory safety, reference systems and quality assurance. Excluded: generic quality management standards dealt with by ISO/TC 176; quality management standards for medical devices dealt with by ISO/TC 210; reference materials guidelines dealt with by ISO/TC 334 the Committee on Reference...",1994,ISO,actif,"Santé & Médecine"
"ISO/TC 213","Spécifications et vérification dimensionnelles et géométriques des produits","Standardization in the field of geometrical product specifications (GPS), i.e. macro- and microgeometry specifications covering dimensional and geometrical tolerancing, surface properties and the related verification principles, measuring equipment and calibration requirements including the uncertainty of dimensional and geometrical measurement. The standardization includes the basic layout and explanation of drawing indications (symbols). Excluded: the definition of the specific proportions ...",1996,ISO,actif,"Métrologie & Sciences"
"ISO/TC 214","Plates-formes élévatrices de personnel","Standardization of terminology, ratings, general principles (technical performance requirements and risk assessment), safety requirements, test methods, maintenance and operation for elevating work platforms used to raise (elevate) and position personnel (and related work tools and materials) to a work position where a work task is to be performed.",1996,ISO,actif,"Sécurité & Protection"
"ISO/TC 215","Informatique de santé","Standardization in the field of health informatics, to facilitate capture, interchange and use of health-related data, information, and knowledge to support and enable all aspects of the health system.",1998,ISO,actif,"Informatique & Technologies"
"ISO/TC 215/SC 1","Informatique génomique","Standardization of computable data, information, and knowledge, including their representation and metadata, for the application of omics, including but not limited to genomics, phenomics and proteomics, to support human health and clinical research.",2019,ISO,actif,"Informatique & Technologies"
"ISO/TC 215/SC 2","Pharmacie et commerce de médicaments","Standardization related to the application of information and communication technology in the domain of pharmacy and medication, including standardization to improve patient safety and the efficiency and interoperability of information systems used in researching, developing, regulating, supplying, using and monitoring pharmaceutical products.",2025,ISO,actif,"Informatique & Technologies"
"ISO/TC 220","Récipients cryogéniques","Standardization in the field of insulated vessels (vacuum or non-vacuum) for the storage and the transport of refrigerated liquefied gases of class 2 of 'Recommendations on the Transport of Dangerous Goods - Model regulations - of the United Nations', in particular concerning the design of the vessels and their safety accessories, gas / materials compatibility, insulation performance, the operational requirements of the equipment and accessories.",1999,ISO,actif,"Industrie & Mécanique"
"ISO/TC 224","Systèmes et services relatifs à l’eau potable, à l’assainissement et à la gestion des eaux pluviales","Standardization of the management concepts for service activities and processes relating to drinking water supply, wastewater and stormwater systems. This structure includes activities necessary to fulfil the objectives of water supply, wastewater and stormwater systems. Water supply for purposes other than drinking water can be included in this management concept structure. Excluded: Normative target or threshold values for service quality criteria; Normative limits of acceptability for drin...",2001,ISO,actif,"Environnement & Développement durable"
"ISO/TC 226","Matériaux pour la production de l'aluminium de première fusion","Standardization in the field of materials for the production of primary aluminium, including aluminium oxide, cryolite, aluminium fluoride, sodium fluoride, carbonaceous products and ceramic materials.",2004,ISO,actif,"Industrie & Mécanique"
"ISO/TC 228","Tourisme et services connexes","Standardization of the terminology and specifications of the services offered by tourism service providers, including related activities, touristic destinations and the requirements of facilities and equipment used by them, to provide tourism buyers, providers and consumers with criteria for making informed decisions.",2005,ISO,actif,"Services & Management"
"ISO/TC 229",Nanotechnologies,"Standardization in the field of nanotechnologies that includes either or both of the following: 1. Understanding and control of matter and processes at the nanoscale, typically, but not exclusively, below 100 nanometres in one or more dimensions where the onset of size-dependent phenomena usually enables novel applications, 2. Utilizing the properties of nanoscale materials that differ from the properties of individual atoms, molecules, and bulk matter, to create improved materials, devices, ...",2005,ISO,actif,"Informatique & Technologies"
"ISO/TC 232","Education et services de formation","Standardization in the field of education and learning services focused on, but not limited to - services; - management systems; - facilitators; - assessments; - terminology; - ethical conduct. The TC will base its work on market needs, state of the art and feedback taking into account the net benefit of the interested parties and learners with special need. The TC will take into account ISO's global relevance policy as regards the parts of the world not directly represented in the TC work.",2007,ISO,actif,"Services & Management"
"ISO/TC 234","Pêches et aquaculture","Standardization in the field of fisheries and aquaculture, including, but not limited to, terminology, technical specifications for equipment and for their operation, characterization of aquaculture sites and maintenance of appropriate physical, chemical and biological conditions, environmental monitoring, data reporting, traceability and waste disposal. Excluded: methods of analysis of food products and traceability (covered by ISO/TC 34); personal protective clothing (covered by ISO/TC 94);...",2007,ISO,actif,Agroalimentaire
"ISO/TC 238","Biocombustibles solides","Standardization of terminology, specifications and classes, sampling and sample preparation, test methods, and safety aspects in the field of raw and processed materials originating from arboriculture, agriculture, aquaculture, horticulture and forestry to be used as a source of thermally and non-thermally treated solid biofuels and pyrogenic biocarbon. Excluded: areas covered by ISO/TC 27 Coal and coke, ISO/TC 28/SC 7 Liquid biofuels, ISO/TC 193 Natural gas, ISO/TC 275 Sludge recovery, ISO/T...",2007,ISO,actif,"Énergie & Ressources"
"ISO/TC 241","Systèmes de management de la sécurité du trafic routier","Standardization in the field of RTS, Road traffic safety, management standards, needs, to be effective, to consist of: a requirement standard (which ISO 39001 will be) RTS specific auditing requirements in third party certification, and implementation and guidance documents.",2008,ISO,actif,"Sécurité & Protection"
"ISO/TC 244","Fours industriels et équipements associés","Standardization of the requirements for industrial thermoprocessing equipment (e.g. heated enclosures such as furnaces, ovens, kilns, lehrs and dryers) and associated processing equipment. The scope includes, but is not limited to, requirements for safety, energy efficiency (including exergy), design, construction, operation, processes and quality control of processed material.",2008,ISO,actif,"Industrie & Mécanique"
"ISO/TC 249","Médecine traditionnelle","Standardization in the field of materials, products, services and processes in traditional medical systems including modern developments of these systems but not into the clinical practice.",2009,ISO,actif,"Santé & Médecine"
"ISO/TC 249/SC 1","MTC (Médecine traditionnelle chinoise)","Standardization in the field of medical systems derived from ancient Chinese medicine which shall be able to share one common set of standards. Both traditional and modern aspects of these systems are covered. The committee focuses on quality and safety of raw materials, manufactured products and medical devices and of informatics, including service standards limited to involving the safe use and delivery of devices & medicine, but not into the clinical practice or application of those products.",2025,ISO,actif,"Santé & Médecine"
"ISO/TC 249/SC 2","Ayurveda et Yoga","Standardization in the field of Ayurveda and Yoga. Both traditional and modern aspects ofproducts and services of these systems are covered. The committee will focus on following fieldsincluding but not limited to Terminology; Quality and Safety of ingredients, extracts, finishedproducts, Ayurveda based dietary supplements and nutraceuticals, Ayurveda Pharmaceuticalequipments and procedures; Health and Wellness service requirements; Health Assessmenttools/equipment; Rejuvenative procedures an...",2025,ISO,actif,"Santé & Médecine"
"ISO/TC 251","Gestion des actifs","Standardization in the field of asset management.",2010,ISO,actif,"Services & Management"
"ISO/TC 254","Sécurité des manèges et des dispositifs de divertissement","Standardization in the field of safety of amusement rides and amusement devices. Excluded: playgrounds, facilities and equipment covered by International Standards within the scope of ISO/TC 83.",2010,ISO,actif,"Sécurité & Protection"
"ISO/TC 258","Management de projets, programmes et portefeuilles","Standardization in the field of project, programme and portfolio management.",2011,ISO,actif,Maritime
"ISO/TC 260","Management des ressources humaines","Standardization in the field of human resource management.",2011,ISO,actif,"Services & Management"
"ISO/TC 261","Fabrication additive","Standardization in the field of Additive Manufacturing (AM) concerning their processes, terms and definitions, process chains (Hard- and Software), test procedures, quality parameters, supply agreements and all kind of fundamentals.",2011,ISO,actif,"Informatique & Technologies"
"ISO/TC 262","Management du risque","Standardization in the field of risk management",2011,ISO,actif,"Sécurité & Protection"
"ISO/TC 264","Artifices de divertissement","Standardization in the field of Fireworks, including quality control, definitions, terminology, classification, categorization, labelling, test methods and basic safety requirements.",2011,ISO,actif,"Sécurité & Protection"
"ISO/TC 265","Captage du dioxyde de carbone, transport et stockage","Standardization of design, construction, operation, environmental planning and management, risk management, quantification, monitoring and verification, and related activities in the field of carbon dioxide capture, transportation, and storage (CCS).",2011,ISO,actif,Maritime
"ISO/TC 266",Biomimétique,"Standardization in the field of biomimetics that includes but is not limited to methods and technologies in biomimetics such as biomimetic materials, processes and products, incorporating the most recent results of R&D projects. Classification, definition and development of terminology in the field of biomimetics. Description of the potentials and limitations of biomimetics as an innovation system or a sustainability strategy. Description and standardization of methods in biomimetics, biomime...",2011,ISO,actif,"Métrologie & Sciences"
"ISO/TC 267","Facility management","Standardization in the field of facility management",2011,ISO,actif,"Services & Management"
"ISO/TC 268","Villes et communautés territoriales durables","Standardization in the field of Sustainable Cities and Communities will include the development of requirements, frameworks, guidance and supporting techniques and tools related to the achievement of sustainable development considering smartness and resilience, to help all Cities and Communities and their interested parties in both rural and urban areas become more sustainable. Note: TC 268 will contribute to the UN Sustainable Development Goals through its standardization work. The proposed ...",2012,ISO,actif,"Environnement & Développement durable"
"ISO/TC 268/SC 1","Infrastructures urbaines intelligentes","Standardization in the field of smart community infrastructure, including basic concepts to define and describe smartness of community infrastructure as an integrative large scale product, harmonized metrics for benchmarking, usage of the metrics for application to the diverse types of communities, and specifications for measurement/reporting/verification. ISO/TC 268 SC1 focuses on technical aspects of smart community infrastructure which are basic structures that support the operation and ac...",2012,ISO,actif,"Construction & BTP"
"ISO/TC 268/SC 2","Villes et communautés territoriales durables - Mobilité et transports durables","Standardization in the field of Sustainable mobility and transportation will promote and support a multi-sectorial integrated approach of sustainable cities and communities with a long-term vision based on the purposes of sustainability defined in ISO 37101. The SubCommittee will consider organisational issues, infrastructures and services in the mobility and transportation options for cities and communities, including those related to new technologies (i.e. electric, hydrogen, autonomous).Th...",2021,ISO,actif,"Environnement & Développement durable"
"ISO/TC 269","Applications ferroviaires","Standardization of all systems, products and services specifically related to the railway sector, including design, manufacture, construction, operation, and maintenance of parts and equipment, methods and technology, interfaces between infrastructure, vehicles and the environment, excluding those electrotechnical and electronic products and services for railways which are within the scope of IEC/TC 9.",2012,ISO,actif,"Automobile & Transports"
"ISO/TC 269/SC 1",Infrastructure,"Standardization in the field of railway infrastructure, including areas such asrailway tracks, platforms, stations and shunting yards, as well as railwayspecific needs for tunnels, bridges and other civil works, and addressing:design, construction and installation requirements, testing and conformityassessment of ground equipment as well as maintenance criteria for their entirelife cycle.",2016,ISO,actif,"Construction & BTP"
"ISO/TC 269/SC 3","Opérations et services","Standardization of requirements and guidance relating to operations and servicesin the railway system and related equipment, which are required in and betweenrailway stakeholders as well as at the technical interfaces between railwayoperators and railway users such as passengers and shippers in order to realizesafe, reliable, convenient and sustainable railway transport.",2016,ISO,actif,"Automobile & Transports"
"ISO/TC 272",Criminalistique,"Standardization and guidance in the field of Forensic Science. This includes the development of standards that pertain tolaboratory and field based forensic science techniques and methodology in broad general areas such as the detection andcollection of physical evidence, the subsequent analysis and interpretation of the evidence, and the reporting of results andfindings. Excludes Generic quality management standards dealt with by ISO/TC 176; Conformity assessment guidelines dealt with by the...",2012,ISO,actif,"Sécurité & Protection"
"ISO/TC 274","Lumière et éclairage","Standardization in the field of application of lighting in specific casescomplementary to the work items of the International Commissionon Illumination (CIE) and the coordination of drafts from the CIE, in accordance with the Council Resolution 42/1999 and Council Resolution 10/1989 concerning vision, photometry and colorimetry, involving natural and man-made radiation over the UV, the visible and the IR regions of the spectrum, and application subjects covering all usage of light, indoors an...",2012,ISO,actif,"Construction & BTP"
"ISO/TC 275","Valorisation, recyclage, traitement et élimination des boues","Standardization of the methods for characterizing, categorizing, preparing, treating, recycling and managing sludge and products from urban wastewater collection systems, night soil, storm water handling, water supply treatment plants, wastewater treatment plants for urban and similar industrial waters. It includes all sludge that may have similar environmental and/or health impacts. Standardization of measurement methods for characterizing and categorizing encompasses: sampling methods, phys...",2013,ISO,actif,"Énergie & Ressources"
"ISO/TC 276",Biotechnologie,"Standardization in the field of biotechnology processes that includes the following topics: Terms and definitions; biobanks and bioresources; analytical methods; bioprocessing; data processing including annotation, analysis, validation, comparability and integration; metrology. ISO/TC 276 Biotechnology will work closely with related committees in order to identify standardization needs and gaps, and collaborate with other organisations to avoid duplications and overlapping standardization act...",2013,ISO,actif,"Santé & Médecine"
"ISO/TC 276/SC 1","Méthodes analytiques","Standardization of analytical methods to enable accurate, reproducible, and robust measurements and analysis of biologically relevant molecules and entities, such as: Nucleic acids Proteins Cells Gene delivery systems",2024,ISO,actif,"Métrologie & Sciences"
"ISO/TC 276/SC 2","Systèmes microphysiologiques et organes sur puce","Standardization in the field of Microphysiological Systems (MPS) and Organ-on-Chip(OoC) that includes the following topics: Terminology, stakeholder environment, interdependencies in MPS and OoC Biological components in MPS and OoC Engineering in MPS and OoC, including manufacturing and designing Experimental design, data processing and integration of MPS and OoC studies Characterisation of materials and processes ISO/TC 276/SC 2 MPS and OoC has a specific focus for MPS and OoC as a hybrid sy...",2024,ISO,actif,"Santé & Médecine"
"ISO/TC 279","Management de l'innovation","Standardization in the field of innovation management to build resilience, strengthen performance andpromote innovation culture, which consists in standardization of: Terminology and related concepts. Management systems for innovation and related interactions within the organization. Management of ecosystems for innovation and related interactions between organizationsand individuals within the innovation system.",2013,ISO,actif,"Services & Management"
"ISO/TC 279/SC 1","'Value management'","Standardization of methods related to value management and value engineering in relation with Innovation Management.",2026,ISO,actif,"Services & Management"
"ISO/TC 282","Recyclage des eaux","Standardization of water reuse of any kind and for any purpose. It covers both centralized and decentralized or on-site water reclamation, and direct and indirect reuse applications, taking into consideration the potential for unintentional exposure or ingestion. It includes technical, economic, environmental and societal aspects of water reuse. Water reuse comprises a sequence of the stages and operations involved in collection, conveyance, processing, storage, distribution, consumption, dra...",2013,ISO,actif,"Énergie & Ressources"
"ISO/TC 282/SC 1","Recyclage des eaux usées traitées à des fins d'irrigation","Standardization in the field of Treated wastewater (TWW) for irrigation requirements and processes involved in the development of health, environmentally viable and sustainable projects for the reuse of treated wastewater in all fields of irrigation. Including: management and operation of all the internal and external elements that affect or can be affected by the implementation of such projects, TWW quality suitability for a variety of uses for irrigated areas, distribution and storage syste...",2014,ISO,actif,"Agriculture & Foresterie"
"ISO/TC 282/SC 2","Recyclage des eaux dans les zones urbaines","Standardization in the field of water reuse in urban areas. It addresses wastewater reclamation and reuse in urban areas. It includes guidelines for design and management of water reuse systems taking into consideration safety, reliability and efficiency. It covers both centralized (community-wide) and decentralized (on-site) water reuse systems. The standardization process covers the reclamation, storage and distribution parts of water reuse systems in urban areas.",2014,ISO,actif,"Énergie & Ressources"
"ISO/TC 282/SC 3","Évaluation des risques et performances des systèmes de recyclage des eaux","Standardization in the field of risk and performance evaluation of water re-use systems, including, but not limited to, the methods for monitoring, measurement, analysis and evaluation of risks and performances of water re-use systems. It includes the standardization of how to indicate the results of applying the methods. It focuses on the generic methods applicable to wide range of water re-uses, and the elements of water re-use system include materials, equipment, facilities, processes and ...",2014,ISO,actif,"Énergie & Ressources"
"ISO/TC 282/SC 4","Recyclage des eaux industrielles","Standardization in the field of industrial water reuse, include the following: Classification of industrial wastewater treatments; Industrial wastewater pre-treatment (before treatment plant) and/or treatment in industrialwastewater plant; Management and development of industrial wastewater – for reuse as a water source inindustrial plants, which excludes the municipal treated wastewater use as a water source inindustrial plants; Aspects of technology, economy, management and energy consumpti...",2016,ISO,actif,"Énergie & Ressources"
"ISO/TC 283","Management de la santé et de la sécurité au travail","Standardization in the field of occupational health and safety management to enable anorganization to control its OH&S risks and improve its OH&S performance.",2013,ISO,actif,"Santé & Médecine"
"ISO/TC 286","Management collaboratif des relations d'affaires","Standardization in the field of collaborative business relationship management, which enhances value realization between organizations by harnessing the benefits of collaborative working.",2013,ISO,actif,"Services & Management"
"ISO/TC 287","Méthodes contribuant au développement durable des produits en bois et dérivés du bois","Standardization in the field of the wood and wood-based industries, including sustainability aspects and renewability, chain of custody, timber tracking and timber measurement, across the entire value chain from biomass production to the finished wood and wood-based products, and including the use phase and end of life. Excluded: those applications covered by ISO/TC 6 “Paper, board and pulps”; ISO/TC 89 “Wood-based panels”; ISO/TC 165 “Timber structures”; ISO/TC 218 “Timber”; and ISO/TC 207 “...",2013,ISO,actif,"Énergie & Ressources"
"ISO/TC 291","Appareils de cuisson domestiques utilisant les combustibles gazeux","Standardization in the field of Domestic Gas Cooking Appliances, considering a whole appliance: safety, terminology, classification, constructional and performance characteristics, test methods and marking. Performance characteristics are related to energy efficiency and test procedures for cooking habits. Excluded from this scope are cookstoves covered by the standards being developed in ISO/TC 285.",2014,ISO,actif,"Énergie & Ressources"
"ISO/TC 292","Sécurité et résilience","Standardization in the field of security to enhance the safety and resilience of society. Excluded: Sector specific security projects developed in other relevant ISO committees and projects developed in ISO/TC 262 and ISO/PC 278.",2014,ISO,actif,"Sécurité & Protection"
"ISO/TC 292/SC 1","Gestion des urgences","Standardization in the field of emergency management.Emergency management is addressed as a managerial function for creating capability for communities to reduce vulnerability to hazards and cope with incidents or potential incidents ofdifferent scale.",2023,ISO,actif,"Sécurité & Protection"
"ISO/TC 293","Machines pour aliments des animaux","Standardization of single feed machine, processing systems and complete production line including safety, hygienic requirements, environmental protection and specific technical requirements of feed machinery used in feed processing mills.Non-commercial domestically used, agricultural machinery is excluded.",2014,ISO,actif,Agroalimentaire
"ISO/TC 295","''Audit data services''","Standardization in the field of audit data services covers the content specification as well as thecollection, pre-processing, management and analysis techniques for the identification,communication, receipt, preparation and use of audit data. Note: 1. Audit: an official examination of an entity’s financial and financial related records in order to check that they are correct. (Source: Longman Dictionary of Contemporary English 4th Edition, modifiedcompany has been replaced by entity to cover...",2015,ISO,actif,"Informatique & Technologies"
"ISO/TC 296","Bambou et rotin","Standardization of bamboo, rattan, and derived materials, including terminology, classification, specifications, test methods and quality requirements, Excluded the bamboo and rattan related standards being developed by: ISO/TC 6 Paper, board and pulps ISO/TC 34 Food products ISO/TC 38 Textiles ISO/TC 89 Wood-based panels ISO/TC 136 Furniture ISO/TC 165 Timber structures ISO/TC 218 Timber ISO/TC 219 Floor Coverings ISO/PC 287 Chain of custody of wood and wood-based products",2015,ISO,actif,"Agriculture & Foresterie"
"ISO/TC 297","Gestion de la collecte et du transport des déchets","Standardization of machines, equipment and management systems for collection, temporary storage and transportation of solid and sanitary liquid waste and recyclables (valuables). Taking into particular account: Terminology; Technology; Performance; Quality; Environmental aspects; Safety and ergonomic aspects; Maintenance; Logistical aspects; Data management and Service procedures. Excluded are: Urban wastewater systems Sludge recovery, treatment and disposal and also water re-use as far as th...",2015,ISO,actif,"Environnement & Développement durable"
"ISO/TC 298","Terres rares","Standardization in the field of rare earth mining, concentration, extraction, separation and conversion to useful rare earth compounds/materials (including oxides, salts, metals, master alloys, etc.) which are key inputs to manufacturing and further production process in a safe and environmentally sustainable manner.",2015,ISO,actif,"Énergie & Ressources"
"ISO/TC 300","Matières solides de récupération, y compris les combustibles solides de récupération","Standardization of solid recovered materials, including solid recovered fuels, from non-hazardous wastefor the purpose of utilisation (recovery and recycling) in a following process. The scope covers the material from the point of acceptance to the point of delivery into the nextstage of processing. Excluded: Fuels covered by ISO/TC 238. NOTE Solid recovered material (SRM) is any non-hazardous waste that can be specified andclassified for a specific recovery or recycling purpose, as with Soli...",2015,ISO,actif,"Énergie & Ressources"
"ISO/TC 301","Management de l'énergie et économies d'énergie","Standardization in the field of energy management and energy savings",2016,ISO,actif,"Environnement & Développement durable"
"ISO/TC 304","Management des organisations de soins de santé","Standardization in the field of healthcare organization management comprising, terminology, nomenclature, recommendations and requirements for healthcare-specific management practices and metrics (e.g. patient-centered staffing, quality, facility-level infection control, pandemic management, hand hygiene) that comprise the non-clinical operations in healthcare entities. Excluded are horizontal organizational standards within the scope of: quality management and quality assurance (TC 176); hum...",2016,ISO,actif,"Santé & Médecine"
"ISO/TC 306","Machines de fonderie","Standardization for Foundry Machinery, including terminology, classification, specifications, test methods and safety requirements of machinery and equipment for, e.g.: permanent mold casting processes, e.g.: high pressure die casting machines, low pressure die casting machines, gravity die casting machines, centrifugal casting machines, non-permanent mold casting processes, e.g.: molding machines, core making machines, moulding material preparing machines, knockout machines, investing castin...",2016,ISO,actif,"Industrie & Mécanique"
"ISO/TC 309","Gouvernance des organisations","Standardization in the field of governance relating to aspects of direction, control and accountability of organizations",2016,ISO,actif,"Services & Management"
"ISO/TC 309/SC 1","Gestion de la conformité pour les organisations",,2025,ISO,actif,"Services & Management"
"ISO/TC 309/SC 2","Dignité humaine","Standardization in the field of human dignity*, including: All types of standardization to help organizations understand and support themanagement of United Nations Guiding Principles on Business and Human Rights(UNGPs); Identification, prevention, mitigation and remediation of crimes in the areas of: forcedlabour (including child labour); human trafficking; violence against women; andsafeguarding; organizational practices in the area of diversity. < NOTE: *Human Dignity can be summarised as ...",2026,ISO,actif,"Services & Management"
"ISO/TC 310","Articles de puériculture","Standardisation of safety requirements and test methods for child care articles which are designed or obviously intended to facilitate seating, bathing, changing, feeding, mouthing, sleeping, transportation, activity and protection for young children. Excluded: products covered by other ISO or IEC technical committees",2016,ISO,actif,"Santé & Médecine"
"ISO/TC 312","Excellence de service","Standardization in the field of excellence in service",2017,ISO,actif,"Services & Management"
"ISO/TC 313","Machines d'emballage","Standardization in the field of machines used for packaging goods, including the detailed safety requirements for a particular machine or group of machines. Such requirements are applicable to the design, construction and information for use of packaging machinery, addressing hazards, hazardous situations and hazardous events. Moreover, the scope covers other aspects related to machine classification, energy consumption, determination of efficiency and availability of packaging machines.",2017,ISO,actif,"Industrie & Mécanique"
"ISO/TC 315","Logistique de la chaîne du froid","Standardization in the field of cold chain logistics.The scope will include, but is not limited to; terms and conditions for carriage/storage service of refrigerated goods, physical handling of refrigerated goods (acceptance, loading, transshipment, storage, sorting, transportation and delivery), maintenance and control methods of temperature-controlled facilities, quality control methods throughout the cold chain (e.g. temperature monitoring and control, prevention of damage, loss and delay)...",2018,ISO,actif,"Automobile & Transports"
"ISO/TC 319",Karst,"Standardization of karst terminology; investigation and assessment (including mapping, monitoring and modelling) of karst; sustainable development, engineering practices, environmental protection and management in karst areas.",2018,ISO,actif,"Environnement & Développement durable"
"ISO/TC 321","Assurance des transactions de commerce électronique","Standardization in the field of “transaction assurance in e- commerce related upstream/downstream processes”, including the following: Assurance of transaction process in e-commerce (including easier access to e-platforms and estores); Protection of online consumer rights including both prevention of online disputes and resolution process; Interoperability and admissibility of inspection result data on commodity quality in cross-border e-commerce; Assurance of e-commerce delivery to the final...",2018,ISO,actif,"Informatique & Technologies"
"ISO/TC 322","Finance durable","Standardization in the field of sustainable finance to integrate sustainability considerations including environmental, social and governance practices in the financing of economic activities. Note : the TC for sustainable finance will have close cooperation with TC 68 in the field of financial services, TC 207 in the field of environmental management, TC 251 in the field of asset management and TC 309 in the field of governance of organizations.",2018,ISO,actif,"Environnement & Développement durable"
"ISO/TC 324","Economie du partage","Standardization in the field of sharing economy. Excluded: Technical aspects of information security or risk management guidelines already covered by ISO/IEC JTC 1/SC27 and ISO/TC 262, respectively.",2019,ISO,actif,"Services & Management"
"ISO/TC 326","Machines destinées à être utilisées avec des denrées alimentaires","Standardization of individual machine types and their accessories used in the foodstuffs supplychain, as well as processing systems and complete production lines consisting of thesemachines.All these machines process various raw materials and ingredients into intermediate foodproducts and/or ready-to-eat food. The standards to be created in this TC deal with specific and typical aspects of machines usedin the food industry. These aspects include – but are not limited to – health and safety at...",2019,ISO,actif,Agroalimentaire
"ISO/TC 330","Surfaces aux propriétés biocides et antimicrobiennes","Standardization of test methods used to assess the biocidal performance and efficacy of any surfaces with antimicrobial activities, including their compatibility with different families of disinfectants and cleaning agents. Such methods aim at evaluating the biocidal activity (i.e. that which irreversibly inactivates microorganism) and at differentiating it from the biostatic activity (i.e. the inhibition of the growth of microorganisms).. The field covers the assessment of surfaces displayin...",2020,ISO,actif,"Sécurité & Protection"
"ISO/TC 331",Biodiversité,"Standardization in the field of Biodiversity to develop principles, framework, requirements,guidance and supporting tools in a holistic and global approach for all organizations,to enhance their contribution to Sustainable Development. TC 331 Biodiversity will work closely with related committees (e.g. ISO/TC 190 Soil quality, ISO/TC 147 Water quality, ISO/TC 276 Biotechnology, ISO/TC 34 Food products) in order to identify standardization needs and gaps, and collaborate with other organizatio...",2020,ISO,actif,"Environnement & Développement durable"
"ISO/TC 332","Equipements de sécurité pour les institutions financières et les organisations commerciales","Standardization in the field of security equipment for financial institutions and commercial organizations, including: Physical security products used in banks, financial institutions, commercial organizations and by jewellers, e.g.: Burglary resistant products Fire resistant products High security locks Test methods for above products Excluded : Material specifications (a substance or a mixture of substances) Physical protection of persons Products for small office/home office/domestic use A...",2020,ISO,actif,"Sécurité & Protection"
"ISO/TC 333",Lithium,"Standardization in the field of lithium mining, concentration, extraction, separation andconversion to useful lithium compounds/materials (including oxides, salts, metals, masteralloys, lithium-ion battery materials, etc.) The work program includes terminology,technical conditions of delivery to overcome transport difficulties, unified testing andanalysis methods to improve the general quality of lithium products. Excluded: BatteryNote: Battery is a component and not a material, which can be ...",2020,ISO,actif,"Énergie & Ressources"
"ISO/TC 336","Conception de laboratoire","Standardization in the field of laboratory design including site selection, design of space and integration of services with the objective to provide functional, safe, energy efficient and sustainable laboratories considering the health and wellbeing of laboratory users, environmental impact, the practical division of experimental and support areas and layouts plus model selection of integrated laboratory equipment. It includes standardization of apparatus and devices for personnel safety, he...",2021,ISO,actif,"Santé & Médecine"
"ISO/TC 339","Centrales hydroélectriques de petite taille","Standardization in the field of site selection planning, design, construction and management for SHP plants development up to 30 MW. Standardization of: professional technical terms and definitions commonly used for SHP plants; technical requirements, methodology and procedure relating to site selection planning of SHP plants; technical requirements for the design of SHP plants, mainly including hydrology, geology, energy calculations, project layout, hydraulics, electromechanical equipment s...",2022,ISO,actif,"Énergie & Ressources"
"ISO/TC 340","Stations de ravitaillement en gaz naturel","Standardization in the field of design, construction and operation of stations for fuelling compressed natural gas (CNG) and liquefied natural gas (LNG) to vehicles. It includes equipment, safety devices and maintenance.",2022,ISO,actif,"Énergie & Ressources"
"ISO/TC 341","Réseau de chaleur","Standardization in the field of HSN including design, construction, integration, control andregulation based on heating and cooling supply pipeline system. Exclude: Standardization of heat sources and space heating systems covered by ISO/TC 11 Boilers and pressure vessels, ISO/TC 86 Refrigeration and air-conditioning, ISO/TC 163 Thermal performance and energy use in the built environment, ISO/TC 138 Plastics pipes, fittings and valves for the transport of fluids, ISO/TC 205 Building environme...",2022,ISO,actif,"Informatique & Technologies"
"ISO/TC 342","Conseil en management","Standardization in the field of management consultancy. Excluded: Technical aspects already covered by ISO/TC 225 (Market, opinion and social research) and ISO/TC 260 (Human resource management).",2023,ISO,actif,"Services & Management"
"ISO/TC 344","Logistique innovante","Standardization of services, technologies and management in the field of logistics, specifically including the forward and reverse process of distributing goods, parcels and lettersfrom suppliers or senders to manufacturers or distributors, via logistics facilities such as regional hubs and distribution centers, and ultimately to final users or recipients, in order to improve the quality, safety and efficiency of distribution operations, and to enhance the stability, flexibility and sustainab...",2023,ISO,actif,"Automobile & Transports"
"ISO/TC 344/SC 1","Logistique de détail","Standardization of technologies and services in the field of retail sector to support innovative logistics.",2024,ISO,actif,"Automobile & Transports"
"ISO/TC 344/SC 2","Service express","The standardization of operations, services, and management in the completion of express delivery services from the sender to the addressee. The term 'express delivery' refers to the delivery activities completed by express delivery companies within the agreed time limits, primarily involving the delivery of letters and parcels to consumers to meet their delivery service needs. It excludes universal postal service obligations, postal products, and EMS. It includes but not limited to: Framewor...",2025,ISO,actif,"Automobile & Transports"
"ISO/TC 345","Métaux et minéraux spécialisés","Standardization in the field of specialty metals, minerals and materials from primary and secondary sources used for specialty technologies (e.g. emerging technologies, renewable energy). It includes: terminology, classification, sampling,testing and chemical analysis methods, traceability, packaging and labelling. A list of specialty metals and minerals is included as follows: antimony, beryllium, cobalt, chromium, graphite,niobium, platinum group metals, tantalum, vanadium, zirconium. Exclu...",2023,ISO,actif,"Énergie & Ressources"
"ISO/TC 346","'Mechanical energy storage technology'","Standardization in the field of mechanical energy storage (MES) technology including terminology,components, functions, design, safety, testing, construction, and maintenance of mechanical energystorage devices. It focuses on the mechanical and physical aspects of mechanical energy storagetechnology and equipment. Excluded: air compressors, air compression systems, and compressed air handling technologiescovered by ISO/TC 118 apparatus and measurement of vacuum equipment covered by ISO/TC 112...",2023,ISO,actif,"Énergie & Ressources"
"ISO/TC 347","Systèmes agro-alimentaires pilotés par les données","Standardization of data and related topics in the field of agricultural and food systems (the union of which will henceforth be referred to as 'agrifood systems'), seeking to enable comprehensive, data-driven, multiobjective decision-making, in the context of a complex and changing world. This includes, in particular, addressing interoperability challenges such as, but not limited to: uniform terminology, semantic resources (such as controlled vocabularies and ontologies) and semantic infrast...",2023,ISO,actif,"Informatique & Technologies"
"ISO/TC 349","Conservation du patrimoine culturel","Standardization in the field of terminology, technologies, materials and equipment for monitoring, evaluation,preservation and restoration of cultural heritage. Exclude: ISO/TC 36 Cinematography, ISO/TC 42 Photography, ISO/TC 46 Information and documentation Note: Limited to tangible cultural heritage. If an overlap or the potential for overlap with other TC/SC is identified, coordination with related TC/SC should be sought by contacting or working with working groups.",2024,ISO,actif,"Services & Management"
"ISO/TC 350","Conception numérique créative","Standardization of protocols, including requirements and guidance, for processes, organization,operations and capacity building activities, related to human-based creative design of digital elements to be used, in the field of video games, digital art, digital fashion design, cinema effects. By being technology-neutral, this doesn’t include specifications related to IT-technology aspects. Excluded: Standardization of purely technical matters related to IT-technology aspects, that are not dire...",2024,ISO,actif,"Informatique & Technologies"
"ISO/TC 351","Centres de contact","Standardization in the field of terminology, requirement, guidance, practices, evaluation for contact centres management and services provision. Excluded: Relevant work within the scopes of the following committees: ISO/IEC JTC 1 Information technology ISO/IEC JTC 1/SC 40 IT service management and IT governance ISO/TC 176 Quality management and quality assurance ISO/TC 176/SC 3 Quality management and quality assurance —Supporting technologies ISO/TC 290 Online reputation ISO/TC 312 Excellence...",2025,ISO,actif,"Services & Management"
"ISO/TC 352","Marketing numérique","Standardization in the field of terminology, requirements, guidance, practices, tools and methods for organizations and professionals conducting digital marketing. Excluded: Digital marketing activities that will lead to E-commerce transactions and relevant work within thescopes of the following committees: ISO/IEC JTC 1 (Information technology) ISO/TC154 (Processes, data elements and documents in commerce, industry and administration) ISO/TC 207 (Environmental management) ISO/TC 225 (Market,...",2025,ISO,actif,"Informatique & Technologies"
"ISO/TC 353","Sécurité, sûreté et bonnes pratiques de production des installations et opérations liées au cannabis","Standardization in the field of safety, security and quality systems of cannabis facilities and operations in jurisdictions where such facilities and operations are legal, covering the supply chain from cultivation, processing, production, packaging, distribution, transportation and retail stores for cannabis and cannabis products. Standardization includes but not limited to terminology; methods of tests; cannabis equipment and their operation; waste disposal; air quality; good production pra...",2025,ISO,actif,"Sécurité & Protection"
"ISO/TC 354","Activité évènementielle - Management responsable et autres aspects","Standardization in the field of events, which includes all formats of events (e.g. commercial exhibitions, art exhibitions, conferences, forums, competitions) and for different purposes (e.g. business, academic, sports,culture). Standardization of the management of events supporting a sustainable world, as well as all other aspects linked to events.It includes, in the specific context of events, standardization of the terminology; metrics and measurement; data management; crisis management; h...",2025,ISO,actif,"Services & Management"
"ISO/TC 354/SC 1","Durabilité dans le management évènementiel","Standardization in the field of Sustainability in Event Management. The subcommittee is responsible for sustainability related deliverables that: are applicable to any type of event; an be used by any organization or individual involved in the management of events – client, supplier, or event manager; will enable industry to publicly demonstrate its commitment to sustainability and assist all companies who have not yet adopted a system to develop their capability; enable SMEs to adopt sustain...",2025,ISO,actif,"Services & Management"
"ISO/TC 355","Produits pour animaux de compagnie","Standardization of safety requirements and test methods for pet products which are designed orobviously intended to facilitate seating, bathing, feeding, mouthing, sleeping, playing, transportation,activity and protection for pets. Excluded: Pet food covered by ISO/TC 34/SC 10. Pet toys covered by ISO/TC 181. Drugs and health related products. All electrical aspects which are dealt with by IEC.",2025,ISO,actif,"Agriculture & Foresterie"
"ISO/TC 356","Gestion des droits de l'enfant","Standardization in the field of children’s rights, to support the implementation of protection rights,provision rights, and participation rights. Note 1: this TC works to support existing international frameworks, in particular the UN Convention on the Rights of the Child. Note 2: Where appropriate, this TC will work in cooperation with existing ISO committees on subjects that may support children’s rights.",2026,ISO,actif,"Services & Management"
"ISO/TC 357","'Wound dressings and compresses'","Standardization of particular aspects related to wound dressings and wound compresses, including but not limited to, design, safety and performance requirements and associated test methods for adhesiveness, absorption, waterproofness and skin-fitting. In addition to standardization of safety controls and terminologies for these products.Excluded:aspects related to biological and clinical evaluation, covered by ISO/TC 194;quality management and corresponding general aspects, covered by ISO/TC ...",2026,ISO,actif,"Santé & Médecine"
"ISO/TC 358","'Artificial ice and snow landscape'","Responsible for the standardization of safety, design, construction, operation, maintenance and sustainable development of artificial ice and snow landscape construction (both indoor and outdoor), excluding the standardization in permanent buildings with residential functions (ISO/TC 59), ice and snow sports and recreational facilities (ISO/TC 83), bases for design of structures (ISO/TC 98) and tourism and related services (ISO/TC 228).Note: The term 'operation' here refers exclusively to goo...",2026,ISO,actif,"Sécurité & Protection"
